DATA,horario,local,coletor,taxon,nome_comum,abundancia
05/09/2024,06:11,Ponto 1,Gabriel/Clarisse/Lorena/Thallita/César,Guira guira,anú-branco,
05/09/2024,06:12,Ponto 1,Gabriel/Clarisse/Lorena/Thallita/César,Eulaema nigrita,abelha-de-orquídea,
05/09/2024,06:13,Ponto 1,Gabriel/Clarisse/Lorena/Thallita/César,Spermacoce verticillata,Vassourinha-de-botão,
05/09/2024,06:13,Ponto 1,Gabriel/Clarisse/Lorena/Thallita/César,Trochilidae,beija-flor,
05/09/2024,06:13,Ponto 1,Gabriel/Clarisse/Lorena/Thallita/César,Xylocopa frontalis,mamangava,
05/09/2024,06:15,Ponto 1,Gabriel/Clarisse/Lorena/Thallita/César,Sicalis flaveola,canário-da-terra,
05/09/2024,06:24,Ponto 1,Gabriel/Clarisse/Lorena/Thallita/César,Zenaida auriculata,pomba-de-bando,
05/09/2024,06:26,Ponto 1,Gabriel/Clarisse/Lorena/Thallita/César,Lepidoptera,mariposa,
05/09/2024,06:33,Ponto 2,Gabriel/Clarisse/Lorena/Thallita/César,Termitoidae,cupim,
05/09/2024,06:33,Ponto 2,Gabriel/Clarisse/Lorena/Thallita/César,Pycnoscelus surinamensis,barata-de-jardim,
05/09/2024,06:39,Ponto 2,Gabriel/Clarisse/Lorena/Thallita/César,Furnarius rufus,joão-de-barro,
05/09/2024,06:52,Ponto 3,Gabriel/Clarisse/Lorena/Thallita/César,Formicidae,formiga,
05/09/2024,06:55,Ponto 3,Gabriel/Clarisse/Lorena/Thallita/César,Lucilia sp.,mosca-verde,
05/09/2024,06:56,Ponto 3,Gabriel/Clarisse/Lorena/Thallita/César,Sicalis flaveola,canário-da-terra,
05/09/2024,06:59,Ponto 3,Gabriel/Clarisse/Lorena/Thallita/César,Troglodytes aedon,curruira,
05/09/2024,07:00,Ponto 4,Gabriel/Clarisse/Lorena/Thallita/César,Fluvicola nengeta,lavadeira-mascarada,
05/09/2024,07:02,Ponto 4,Gabriel/Clarisse/Lorena/Thallita/César,Columba livia,pombo-doméstico,
05/09/2024,07:04,Ponto 4,Gabriel/Clarisse/Lorena/Thallita/César,Mimosa pudica,dormideira,
05/09/2024,07:06,Ponto 4,Gabriel/Clarisse/Lorena/Thallita/César,Trochilidae,beija-flor,
05/09/2024,07:07,Ponto 4,Gabriel/Clarisse/Lorena/Thallita/César,Zenaida auriculata,pomba-de-bando,
05/09/2024,07:11,Ponto 4,Gabriel/Clarisse/Lorena/Thallita/César,Commelina erecta,trapoeraba,
05/09/2024,07:20,Ponto 5,Gabriel/Clarisse/Lorena/Thallita/César,Solenopsis sp.,formiga-quente,
05/09/2024,07:21,Ponto 5,Gabriel/Clarisse/Lorena/Thallita/César,Turnera subulata,xanana,
05/09/2024,07:22,Ponto 5,Gabriel/Clarisse/Lorena/Thallita/César,Cubaris murina,tatuzinho-de-jardim,
05/09/2024,07:22,Ponto 5,Gabriel/Clarisse/Lorena/Thallita/César,Juliformia,maria-café (gongolo),
05/09/2024,07:29,Ponto 6,Gabriel/Clarisse/Lorena/Thallita/César,Zenaida auriculata,pomba-de-bando,
05/09/2024,07:30,Ponto 6,Gabriel/Clarisse/Lorena/Thallita/César,Furnarius rufus,joão-de-barro,
05/09/2024,07:33,Ponto 6,Gabriel/Clarisse/Lorena/Thallita/César,Lepidoptera,mariposa,
05/09/2024,07:36,Ponto 6,Gabriel/Clarisse/Lorena/Thallita/César,Vanellus chilensis,quero-quero,
05/09/2024,07:37,Ponto 6,Gabriel/Clarisse/Lorena/Thallita/César,Hymenoptera,vespa,
05/09/2024,07:41,Ponto 7,Gabriel/Clarisse/Lorena/Thallita/César,Pitangus sulphuratus,bem-te-vi,
05/09/2024,07:42,Ponto 7,Gabriel/Clarisse/Lorena/Thallita/César,Siproeta stelenes,borboleta-malaquita,
05/09/2024,07:43,Ponto 7,Gabriel/Clarisse/Lorena/Thallita/César,Stilpnia cayana,saíra-amarela ,
05/09/2024,07:45,Ponto 7,Gabriel/Clarisse/Lorena/Thallita/César,Formicidae,formiga ,
05/09/2024,07:47,Ponto 7,Gabriel/Clarisse/Lorena/Thallita/César,Talinum fruticosum,beldroega-grande,
05/09/2024,07:49,Ponto 7,Gabriel/Clarisse/Lorena/Thallita/César,Thraupis palmarum,sanhaço-do-coqueiro,
05/09/2024,07:49,Ponto 7,Gabriel/Clarisse/Lorena/Thallita/César,Columba livia,pombo-doméstico,
05/09/2024,07:49,Ponto 7,Gabriel/Clarisse/Lorena/Thallita/César,Crotophaga ani,anú-preto,
05/09/2024,07:55,Ponto 8,Gabriel/Clarisse/Lorena/Thallita/César,Crotophaga ani,anú-preto,
05/09/2024,07:56,Ponto 8,Gabriel/Clarisse/Lorena/Thallita/César,Solenopsis sp.,formiga-quente,
05/09/2024,07:57,Ponto 8,Gabriel/Clarisse/Lorena/Thallita/César,Xylocopa frontalis,mamangava,
05/09/2024,08:00,Ponto 8,Gabriel/Clarisse/Lorena/Thallita/César,Hamadryas sp.,boboleta-estala-pau,
05/09/2024,08:03,Ponto 8,Gabriel/Clarisse/Lorena/Thallita/César,Fluvicola nengeta,lavadeira-mascarada,
05/09/2024,08:03,Ponto 8,Gabriel/Clarisse/Lorena/Thallita/César,Pentatomidae,maria-fedida,
05/09/2024,08:05,Ponto 8,Gabriel/Clarisse/Lorena/Thallita/César,Juliformia,maria-café (gongolo),
05/09/2024,08:07,Ponto 8,Gabriel/Clarisse/Lorena/Thallita/César,Anartia jatrophae,borboleta-pavão-branco,
05/09/2024,08:08,Ponto 8,Gabriel/Clarisse/Lorena/Thallita/César,Anartia sp.,borboleta,
05/09/2024,08:08,Ponto 8,Gabriel/Clarisse/Lorena/Thallita/César,Hymenoptera,vespa,
05/09/2024,08:18,Ponto 9,Gabriel/Clarisse/Lorena/Thallita/César,Coereba flaveola,cambacica (cebinho),
05/09/2024,08:18,Ponto 9,Gabriel/Clarisse/Lorena/Thallita/César,Tyrannus melancholicus,suiriri,
05/09/2024,08:29,Ponto 10,Gabriel/Clarisse/Lorena/Thallita/César,Picumnus cirratus,picapauzinho-barrado,
05/09/2024,08:30,Ponto 10,Gabriel/Clarisse/Lorena/Thallita/César,Thraupis sayaca,sanhaçu-cinzento,
05/09/2024,08:30,Ponto 10,Gabriel/Clarisse/Lorena/Thallita/César,Thomisidae,aranha-caranguejo,
05/09/2024,08:34,Ponto 10,Gabriel/Clarisse/Lorena/Thallita/César,Columba livia,pombo-doméstico,
05/09/2024,08:35,Ponto 10,Gabriel/Clarisse/Lorena/Thallita/César,Zenaida auriculata,pomba-de-bando,
12/09/2024,06:18,Ponto 10,Gabriel/Clarisse/Lorena/Thallita/Pablo,Hymenoptera,vespa,
12/09/2024,06:18,Ponto 10,Gabriel/Clarisse/Lorena/Thallita/Pablo,Crotophaga ani,anú-preto,
12/09/2024,06:19,Ponto 10,Gabriel/Clarisse/Lorena/Thallita/Pablo,Columba livia,pombo-doméstico,
12/09/2024,06:21,Ponto 10,Gabriel/Clarisse/Lorena/Thallita/Pablo,Turnera subulata,xanana,
12/09/2024,06:21,Ponto 10,Gabriel/Clarisse/Lorena/Thallita/Pablo,Formicidae,formiga,
12/09/2024,06:21,Ponto 10,Gabriel/Clarisse/Lorena/Thallita/Pablo,Thraupis palmarum,sanhaço-do-coqueiro,
12/09/2024,06:21,Ponto 10,Gabriel/Clarisse/Lorena/Thallita/Pablo,Molothrus sp.,pássaro-preto (chopim),
12/09/2024,06:22,Ponto 10,Gabriel/Clarisse/Lorena/Thallita/Pablo,Furnarius rufus,joão-de-barro,
12/09/2024,06:22,Ponto 10,Gabriel/Clarisse/Lorena/Thallita/Pablo,Pitangus sulphuratus,bem-te-vi,
13/09/2024,06:22,Ponto 11,Gabriel/Clarisse/Lorena/Thallita/Pablo,Zenaida auriculata,pomba-de-bando,
14/09/2024,06:22,Ponto 12,Gabriel/Clarisse/Lorena/Thallita/Pablo,Nemosia pileata,saíra-de-chapéu-preto,
12/09/2024,06:22,Ponto 10,Gabriel/Clarisse/Lorena/Thallita/Pablo,Caracara plancus,carcará,
12/09/2024,06:23,Ponto 10,Gabriel/Clarisse/Lorena/Thallita/Pablo,Progne tapera,andorinha-do-campo,
12/09/2024,06:23,Ponto 10,Gabriel/Clarisse/Lorena/Thallita/Pablo,Ramalina sp.,líquen,
12/09/2024,06:23,Ponto 10,Gabriel/Clarisse/Lorena/Thallita/Pablo,Tillandsia stricta,cravo-do-mato,
12/09/2024,06:24,Ponto 10,Gabriel/Clarisse/Lorena/Thallita/Pablo,Lepidoptera,mariposa,
12/09/2024,06:25,Ponto 10,Gabriel/Clarisse/Lorena/Thallita/Pablo,Picumnus cirratus,picapauzinho-barrado,
12/09/2024,06:25,Ponto 10,Gabriel/Clarisse/Lorena/Thallita/Pablo,Trigona spinipes,abelha-cachorro,
12/09/2024,06:27,Ponto 10,Gabriel/Clarisse/Lorena/Thallita/Pablo,Columbina talpacoti,rolinha-roxa,
12/09/2024,06:28,Ponto 10,Gabriel/Clarisse/Lorena/Thallita/Pablo,Tyrannus melancholicus,suiriri,
12/09/2024,06:31,Ponto 10,Gabriel/Clarisse/Lorena/Thallita/Pablo,Coereba flaveola,cambacica (cebinho),
12/09/2024,06:32,Ponto 10,Gabriel/Clarisse/Lorena/Thallita/Pablo,Sicalis flaveola,canário-da-terra,
12/09/2024,06:32,Ponto 10,Gabriel/Clarisse/Lorena/Thallita/Pablo,Vanellus chilensis,quero-quero,
12/09/2024,06:33,Ponto 10,Gabriel/Clarisse/Lorena/Thallita/Pablo,Progne tapera,andorinha-do-campo,
12/09/2024,06:34,Ponto 9,Gabriel/Clarisse/Lorena/Thallita/Pablo,Tillandsia stricta,cravo-do-mato,
12/09/2024,06:35,Ponto 9,Gabriel/Clarisse/Lorena/Thallita/Pablo,Argiope argentata,aranha-de-prata,
12/09/2024,06:35,Ponto 9,Gabriel/Clarisse/Lorena/Thallita/Pablo,Fungus,fungo,
12/09/2024,06:36,Ponto 9,Gabriel/Clarisse/Lorena/Thallita/Pablo,Fidicini,cigarra,
12/09/2024,06:36,Ponto 9,Gabriel/Clarisse/Lorena/Thallita/Pablo,Todirostrum cinereum,ferreirinho-relógio,
12/09/2024,06:36,Ponto 9,Gabriel/Clarisse/Lorena/Thallita/Pablo,Sicalis flaveola,canário-da-terra,
12/09/2024,06:37,Ponto 9,Gabriel/Clarisse/Lorena/Thallita/Pablo,Heteroptera,percevejo,
12/09/2024,06:38,Ponto 9,Gabriel/Clarisse/Lorena/Thallita/Pablo,Bryophyta,musgo,
12/09/2024,06:39,Ponto 9,Gabriel/Clarisse/Lorena/Thallita/Pablo,Solenopsis sp.,formiga-quente,
12/09/2024,06:40,Ponto 9,Gabriel/Clarisse/Lorena/Thallita/Pablo,Formicidae,formiga,
12/09/2024,06:40,Ponto 9,Gabriel/Clarisse/Lorena/Thallita/Pablo,Blaberoidea,barata,
12/09/2024,06:41,Ponto 9,Gabriel/Clarisse/Lorena/Thallita/Pablo,Culicidae,mosquito,
12/09/2024,06:44,Ponto 9,Gabriel/Clarisse/Lorena/Thallita/Pablo,Euphonia chlorotica,fim-fim,
12/09/2024,06:45,Ponto 9,Gabriel/Clarisse/Lorena/Thallita/Pablo,Columbina livia,pombo-doméstico,
12/09/2024,06:46,Ponto 9,Gabriel/Clarisse/Lorena/Thallita/Pablo,Tridax procumbens,erva-de-touro,
12/09/2024,06:48,Ponto 9/8,Gabriel/Clarisse/Lorena/Thallita/Pablo,Eulaema nigrita,abelha-de-orquídea,
12/09/2024,06:48,Ponto 9/8,Gabriel/Clarisse/Lorena/Thallita/Pablo,Sicalis flaveola,canário-da-terra,
12/09/2024,06:51,Ponto 8,Gabriel/Clarisse/Lorena/Thallita/Pablo,Tapera naevia,saci,
12/09/2024,06:51,Ponto 8,Gabriel/Clarisse/Lorena/Thallita/Pablo,Tropidurus torquatus,calango,
12/09/2024,06:52,Ponto 8,Gabriel/Clarisse/Lorena/Thallita/Pablo,Ruellia blechum,camarão-verde,
12/09/2024,06:52,Ponto 8,Gabriel/Clarisse/Lorena/Thallita/Pablo,Polybia sp.,vespa,
12/09/2024,06:53,Ponto 8,Gabriel/Clarisse/Lorena/Thallita/Pablo,Tridax procumbens,erva-de-touro,
12/09/2024,06:53,Ponto 8,Gabriel/Clarisse/Lorena/Thallita/Pablo,Gomphrena globosa,perpétua,
12/09/2024,06:54,Ponto 8,Gabriel/Clarisse/Lorena/Thallita/Pablo,Euphorbia hirta,erva-de-santa-luzia,
12/09/2024,06:55,Ponto 8,Gabriel/Clarisse/Lorena/Thallita/Pablo,Parthenium hysterophorus,losna-branca,
12/09/2024,06:55,Ponto 8,Gabriel/Clarisse/Lorena/Thallita/Pablo,Mimosa pudica,dormideira,
12/09/2024,06:56,Ponto 8,Gabriel/Clarisse/Lorena/Thallita/Pablo,Talinum fruticosum,beldroega-grande,
12/09/2024,06:57,Ponto 8,Gabriel/Clarisse/Lorena/Thallita/Pablo,Amaranthus viridis,caruru-de-mancha,
12/09/2024,06:57,Ponto 8,Gabriel/Clarisse/Lorena/Thallita/Pablo,Cynodon dactylon,grama-bermuda,
12/09/2024,06:57,Ponto 8,Gabriel/Clarisse/Lorena/Thallita/Pablo,Cyperus rotundus,tiririca,
12/09/2024,06:58,Ponto 8,Gabriel/Clarisse/Lorena/Thallita/Pablo,Turnera subulata,xanana,
12/09/2024,06:58,Ponto 8,Gabriel/Clarisse/Lorena/Thallita/Pablo,Coronopus didymus,mastruz-rasteiro,
12/09/2024,06:59,Ponto 8,Gabriel/Clarisse/Lorena/Thallita/Pablo,Troglodytes aedon,curruíra,
12/09/2024,06:59,Ponto 8,Gabriel/Clarisse/Lorena/Thallita/Pablo,Nephilingis cruentata,maria-bola,
12/09/2024,07:00,Ponto 8,Gabriel/Clarisse/Lorena/Thallita/Pablo,Gryllidae,grilo,
12/09/2024,07:00,Ponto 8,Gabriel/Clarisse/Lorena/Thallita/Pablo,Pitangus sulphuratus,bem-te-vi,
12/09/2024,07:00,Ponto 8,Gabriel/Clarisse/Lorena/Thallita/Pablo,Lepidoptera,mariposa,
12/09/2024,07:00,Ponto 8,Gabriel/Clarisse/Lorena/Thallita/Pablo,Heteroptera,percevejo,
12/09/2024,07:01,Ponto 8,Gabriel/Clarisse/Lorena/Thallita/Pablo,Tyrannus melancholicus,suiriri,
12/09/2024,07:01,Ponto 8,Gabriel/Clarisse/Lorena/Thallita/Pablo,Columbina talpacoti,rolinha-roxa,
12/09/2024,07:01,Ponto 8,Gabriel/Clarisse/Lorena/Thallita/Pablo,Fluvicola nengeta,lavadeira-mascarada,
12/09/2024,07:01,Ponto 8,Gabriel/Clarisse/Lorena/Thallita/Pablo,Sicalis flaveola,canário-da-terra,
12/09/2024,07:01,Ponto 8,Gabriel/Clarisse/Lorena/Thallita/Pablo,Thraupis palmarum,sanhaço,
12/09/2024,07:01,Ponto 8,Gabriel/Clarisse/Lorena/Thallita/Pablo,Coragyps atratus,urubu-de-cabeça-preta,
12/09/2024,07:01,Ponto 8,Gabriel/Clarisse/Lorena/Thallita/Pablo,Lycogala sp.,fungo,
12/09/2024,07:02,Ponto 8,Gabriel/Clarisse/Lorena/Thallita/Pablo,Hemidactylus mabouia,lagartixa-doméstica,
12/09/2024,07:02,Ponto 8,Gabriel/Clarisse/Lorena/Thallita/Pablo,Camponotus sp.,formiga-carpinteira,
12/09/2024,07:03,Ponto 8,Gabriel/Clarisse/Lorena/Thallita/Pablo,Cubaris murina,tatuzinho-de-jardim,
12/09/2024,07:03,Ponto 8,Gabriel/Clarisse/Lorena/Thallita/Pablo,Oxalis corniculata,trevo-azedinho,
12/09/2024,07:04,Ponto 8,Gabriel/Clarisse/Lorena/Thallita/Pablo,Junonia evarete,lagarta-olho-de-pavão-diúrno,
12/09/2024,07:04,Ponto 8,Gabriel/Clarisse/Lorena/Thallita/Pablo,Turdus leucomelas,sabiá-barranco,
12/09/2024,07:06,Ponto 8,Gabriel/Clarisse/Lorena/Thallita/Pablo,Euphonia chlorotica,fim-fim,
12/09/2024,07:06,Ponto 8,Gabriel/Clarisse/Lorena/Thallita/Pablo,Elaenia sp.,guaracava,
12/09/2024,07:06,Ponto 8,Gabriel/Clarisse/Lorena/Thallita/Pablo,Elaenia flavogaster,guaracava-de-barriga-amarela,
12/09/2024,07:08,Ponto 8,Gabriel/Clarisse/Lorena/Thallita/Pablo,Aramides saracura,saracura-do-mato ,
12/09/2024,07:08,Ponto 8,Gabriel/Clarisse/Lorena/Thallita/Pablo,Sicalis flaveola,canário-da-terra,
12/09/2024,07:08,Ponto 8,Gabriel/Clarisse/Lorena/Thallita/Pablo,Mormodica charantia,melão-de-são-caetano,
12/09/2024,07:09,Ponto 8,Gabriel/Clarisse/Lorena/Thallita/Pablo,Thumbergia alata,susana-dos-olhos-negros,
12/09/2024,07:10,Ponto 8,Gabriel/Clarisse/Lorena/Thallita/Pablo,Ipomoea sp.,glória-da-manhã,
12/09/2024,07:11,Ponto 8,Gabriel/Clarisse/Lorena/Thallita/Pablo,Stilpnia cayana,saíra-amarela ,
12/09/2024,07:16,Ponto 8,Gabriel/Clarisse/Lorena/Thallita/Pablo,Xylocopa frontalis,mamangava ,
12/09/2024,07:16,Ponto 8,Gabriel/Clarisse/Lorena/Thallita/Pablo,Solanum paniculatum,jurubeba,
12/09/2024,07:13,Ponto 7,Gabriel/Clarisse/Lorena/Thallita/Pablo,Crotophaga ani,anú-preto,
12/09/2024,07:14,Ponto 7,Gabriel/Clarisse/Lorena/Thallita/Pablo,Columbina talpacoti,rolinha-roxa,
12/09/2024,07:14,Ponto 7,Gabriel/Clarisse/Lorena/Thallita/Pablo,Pitangus sulphuratus,bem-te-vi,
12/09/2024,07:15,Ponto 7,Gabriel/Clarisse/Lorena/Thallita/Pablo,Patagioenas picazuro,asa-branca ,
12/09/2024,07:15,Ponto 7,Gabriel/Clarisse/Lorena/Thallita/Pablo,Thraupis palmarum,sanhaço-do-coqueiro,
12/09/2024,07:16,Ponto 7,Gabriel/Clarisse/Lorena/Thallita/Pablo,Coragyps atratus,urubu-de-cabeça-preta,
12/09/2024,07:16,Ponto 7,Gabriel/Clarisse/Lorena/Thallita/Pablo,Conirostrum speciosum,figuinha-de-rabo-castanho,
12/09/2024,07:21,Ponto 7,Gabriel/Clarisse/Lorena/Thallita/Pablo,Pycnoscelus surinamensis,barata-de-jardim,
12/09/2024,07:23,Ponto 7,Gabriel/Clarisse/Lorena/Thallita/Pablo,Stilpnia cayana,saíra-amarela ,
12/09/2024,07:23,Ponto 7,Gabriel/Clarisse/Lorena/Thallita/Pablo,Priva lappulacea,carrapicho,
12/09/2024,07:24,Ponto 7,Gabriel/Clarisse/Lorena/Thallita/Pablo,Sicalis flaveola,canário-da-terra,
12/09/2024,07:24,Ponto 7,Gabriel/Clarisse/Lorena/Thallita/Pablo,Juliformia,maria-café (gongolo),
12/09/2024,07:25,Ponto 7,Gabriel/Clarisse/Lorena/Thallita/Pablo,Bradybaena similaris,caracol-asiático,
12/09/2024,07:26,Ponto 7,Gabriel/Clarisse/Lorena/Thallita/Pablo,Ruellia blechum,camarão-verde,
12/09/2024,07:26,Ponto 7,Gabriel/Clarisse/Lorena/Thallita/Pablo,Talinum fruticosum,beldroega-grande,
12/09/2024,07:26,Ponto 7,Gabriel/Clarisse/Lorena/Thallita/Pablo,Hymenoptera,vespa,
12/09/2024,07:26,Ponto 7,Gabriel/Clarisse/Lorena/Thallita/Pablo,Euphonia chlorotica,fim-fim,
12/09/2024,07:26,Ponto 7,Gabriel/Clarisse/Lorena/Thallita/Pablo,Solenopsis sp.,formiga-quente,
12/09/2024,07:27,Ponto 6,Gabriel/Clarisse/Lorena/Thallita/Pablo,Tyrannus melancholicus,suiriri,
12/09/2024,07:30,Ponto 6,Gabriel/Clarisse/Lorena/Thallita/Pablo,Sicalis flaveola,canário-da-terra,
12/09/2024,07:30,Ponto 6,Gabriel/Clarisse/Lorena/Thallita/Pablo,Zenaida auriculata,pomba-de-bando,
12/09/2024,07:30,Ponto 6,Gabriel/Clarisse/Lorena/Thallita/Pablo,Coereba flaveola,cambacica (cebinho),
12/09/2024,07:32,Ponto 6,Gabriel/Clarisse/Lorena/Thallita/Pablo,Columbina picui,rolinha-picuí,
12/09/2024,07:32,Ponto 6,Gabriel/Clarisse/Lorena/Thallita/Pablo,Patagioenas picazuro,asa-branca (pocaçu),
12/09/2024,07:32,Ponto 6,Gabriel/Clarisse/Lorena/Thallita/Pablo,Dysdercus sp.,percevejo-manchador,
12/09/2024,07:32,Ponto 6,Gabriel/Clarisse/Lorena/Thallita/Pablo,Eupetomena macroura,beija-flor-tesoura,
12/09/2024,07:32,Ponto 6,Gabriel/Clarisse/Lorena/Thallita/Pablo,Tillandsia stricta,cravo-do-mato,
12/09/2024,07:33,Ponto 6,Gabriel/Clarisse/Lorena/Thallita/Pablo,Vespidae,marimbondo,
12/09/2024,07:34,Ponto 6,Gabriel/Clarisse/Lorena/Thallita/Pablo,Solenopsis sp.,formiga-quente,
12/09/2024,07:34,Ponto 6,Gabriel/Clarisse/Lorena/Thallita/Pablo,Hymenoptera,vespa,
12/09/2024,07:34,Ponto 6,Gabriel/Clarisse/Lorena/Thallita/Pablo,Columbina talpacoti,rolinha-roxa,
12/09/2024,07:35,Ponto 6,Gabriel/Clarisse/Lorena/Thallita/Pablo,Furnarius rufus,joão-de-barro,
12/09/2024,07:35,Ponto 6,Gabriel/Clarisse/Lorena/Thallita/Pablo,Lepidoptera,mariposa,
12/09/2024,07:35,Ponto 6,Gabriel/Clarisse/Lorena/Thallita/Pablo,Turnera subulata,xanana,
12/09/2024,07:36,Ponto 6,Gabriel/Clarisse/Lorena/Thallita/Pablo,Polybia sp.,vespa,
12/09/2024,07:36,Ponto 6,Gabriel/Clarisse/Lorena/Thallita/Pablo,Falco sparverius,quiriquiri,
12/09/2024,07:36,Ponto 5,Gabriel/Clarisse/Lorena/Thallita/Pablo,Picumnus cirratus,picapauzinho-barrado,
12/09/2024,07:38,Ponto 5,Gabriel/Clarisse/Lorena/Thallita/Pablo,Furnarius rufus,joão-de-barro,
12/09/2024,07:39,Ponto 5,Gabriel/Clarisse/Lorena/Thallita/Pablo,Tyrannus melancholicus,suiriri,
12/09/2024,07:39,Ponto 5,Gabriel/Clarisse/Lorena/Thallita/Pablo,Columbina picui,rolinha-picuí,
12/09/2024,07:39,Ponto 5,Gabriel/Clarisse/Lorena/Thallita/Pablo,Furnarius figulus,casaca-de-couro-da-lama,
12/09/2024,07:42,Ponto 5,Gabriel/Clarisse/Lorena/Thallita/Pablo,Eupetomena macroura,beija-flor-tesoura,
12/09/2024,07:42,Ponto 5,Gabriel/Clarisse/Lorena/Thallita/Pablo,Falco sparverius,quiriquiri,
12/09/2024,07:42,Ponto 5,Gabriel/Clarisse/Lorena/Thallita/Pablo,Molothrus sp.,pássaro-preto (chopim),
12/09/2024,07:43,Ponto 5,Gabriel/Clarisse/Lorena/Thallita/Pablo,Progne tapera,andorinha-do-campo,
12/09/2024,07:43,Ponto 5,Gabriel/Clarisse/Lorena/Thallita/Pablo,Myiozetetes similis,bem-te-vizinho-do-penacho-vermelho,
12/09/2024,07:43,Ponto 5,Gabriel/Clarisse/Lorena/Thallita/Pablo,Todirostrum cinereum,ferreirinho-relógio,
12/09/2024,07:44,Ponto 5,Gabriel/Clarisse/Lorena/Thallita/Pablo,Zenaida auriculata,pomba-de-bando,
12/09/2024,07:45,Ponto 5,Gabriel/Clarisse/Lorena/Thallita/Pablo,Turdus leucomelas,sabiá-barranco,
12/09/2024,07:46,Ponto 4,Gabriel/Clarisse/Lorena/Thallita/Pablo,Euphonia chlorotica,fim-fim,
12/09/2024,07:50,Ponto 4,Gabriel/Clarisse/Lorena/Thallita/Pablo,Sicalis flaveola,canário-da-terra,
12/09/2024,07:50,Ponto 4,Gabriel/Clarisse/Lorena/Thallita/Pablo,Columbina talpacoti,rolinha-roxa,
12/09/2024,07:51,Ponto 4,Gabriel/Clarisse/Lorena/Thallita/Pablo,Vespidae,marimbondo,
12/09/2024,07:51,Ponto 4,Gabriel/Clarisse/Lorena/Thallita/Pablo,Thraupis palmarum,sanhaço-do-coqueiro,
12/09/2024,07:51,Ponto 4,Gabriel/Clarisse/Lorena/Thallita/Pablo,Pygochelidon cyanoleuca,andorinha-pequena-de-casa,
12/09/2024,07:52,Ponto 4,Gabriel/Clarisse/Lorena/Thallita/Pablo,Zenaida auriculata,pomba-de-bando,
12/09/2024,07:53,Ponto 4,Gabriel/Clarisse/Lorena/Thallita/Pablo,Coragyps atratus,urubu-de-cabeça-preta,
12/09/2024,07:54,Ponto 3,Gabriel/Clarisse/Lorena/Thallita/Pablo,Tillandsia stricta,cravo-do-mato,
12/09/2024,08:00,Ponto 3,Gabriel/Clarisse/Lorena/Thallita/Pablo,Troglodytes aedon,curruíra,
12/09/2024,08:01,Ponto 3,Gabriel/Clarisse/Lorena/Thallita/Pablo,Todirostrum cinereum,ferreirinho-relógio,
12/09/2024,08:02,Ponto 2,Gabriel/Clarisse/Lorena/Thallita/Pablo,Athene cunicularia,coruja buraqueira,
12/09/2024,08:04,Ponto 2,Gabriel/Clarisse/Lorena/Thallita/Pablo,Sicalis flaveola,canário-da-terra,
12/09/2024,08:06,Pònto 2,Gabriel/Clarisse/Lorena/Thallita/Pablo,Formicidae,formiga,
12/09/2024,08:07,Ponto 1,Gabriel/Clarisse/Lorena/Thallita/Pablo,Sicalis flaveola,canário-da-terra,
12/09/2024,08:07,Ponto 1,Gabriel/Clarisse/Lorena/Thallita/Pablo,Tyrannus melancholicus,suiriri,
12/09/2024,08:07,Ponto 1,Gabriel/Clarisse/Lorena/Thallita/Pablo,Xylocopa frontalis,mamangava,
12/09/2024,08:09,Ponto 1,Gabriel/Clarisse/Lorena/Thallita/Pablo,Eupetomena macroura,beija-flor-tesoura,
12/09/2024,08:09,Ponto 1,Gabriel/Clarisse/Lorena/Thallita/Pablo,Columbina talpacoti,rolinha-roxa,
12/09/2024,08:09,Ponto 1,Gabriel/Clarisse/Lorena/Thallita/Pablo,Columbina picui,rolinha-picuí,
12/09/2024,08:09,Ponto 1,Gabriel/Clarisse/Lorena/Thallita/Pablo,Coereba flaveola,cambacica,
12/09/2024,08:10,Ponto 1,Gabriel/Clarisse/Lorena/Thallita/Pablo,Eupetomena macroura,beija-flor-tesoura,
12/09/2024,08:11,Ponto 1,Gabriel/Clarisse/Lorena/Thallita/Pablo,Euphonia chlorotica,fim-fim,
12/09/2024,08:12,Ponto 1,Gabriel/Clarisse/Lorena/Thallita/Pablo,Zenaida auriculata,pomba-de-bando,
12/09/2024,08:12,Ponto 1,Gabriel/Clarisse/Lorena/Thallita/Pablo,Tillandsia stricta,cravo-do-mato,
12/09/2024,08:12,Ponto 1,Gabriel/Clarisse/Lorena/Thallita/Pablo,Eulaema nigrita,abelha-de-orquídea,
19/09/2024,06:08,Ponto 1,Lorena/Paula/Pablo/Thalita/Maryane,Coereba flaveola,cambacica,
19/09/2024,06:08,Ponto 1,Lorena/Paula/Pablo/Thalita/Maryane,Eupetomena macroura,beija-flor-tesoura,
19/09/2024,06:09,Ponto 1,Lorena/Paula/Pablo/Thalita/Maryane,Patagioenas picazuro,asa branca,
19/09/2024,06:09,Ponto 1,Lorena/Paula/Pablo/Thalita/Maryane,Trigona spinipes,abelha cachorro,
19/09/2024,06:09,Ponto 1,Lorena/Paula/Pablo/Thalita/Maryane,Tyrannus melancholicus,suiriri,
19/09/2024,06:09,Ponto 1,Lorena/Paula/Pablo/Thalita/Maryane,Sicalis flaveola,canário-da-terra,
19/09/2024,06:09,Ponto 1,Lorena/Paula/Pablo/Thalita/Maryane,Volatinia jacarina,tiziu,
19/09/2024,06:09,Ponto 1,Lorena/Paula/Pablo/Thalita/Maryane,Spermacoce verticillata,vassourinha-de-botão,
19/09/2024,06:12,Ponto 1,Lorena/Paula/Pablo/Thalita/Maryane,Eulaema nigrita,abelha de orquidea ,
19/09/2024,06:12,Ponto 1,Lorena/Paula/Pablo/Thalita/Maryane,Chionomesa fimbriata,beija-flor-de-garganta-verde,
19/09/2024,06:13,Ponto 1,Lorena/Paula/Pablo/Thalita/Maryane,Pygochelidon cyanoleuca,andorinha-pequena-de-casa,
19/09/2024,06:13,Ponto 1,Lorena/Paula/Pablo/Thalita/Maryane,Columbina talpacoti,rolinha-roxa,
19/09/2024,06:15,Ponto 1,Lorena/Paula/Pablo/Thalita/Maryane,Rhipsalis floccosa,cacto-macarrão,
19/09/2024,06:15,Ponto 1,Lorena/Paula/Pablo/Thalita/Maryane,Tillandsia stricta,cravo-do-mato,
19/09/2024,06:16,Ponto 1,Lorena/Paula/Pablo/Thalita/Maryane,Pitangus sulphuratus,bem-te-vi,
19/09/2024,06:17,Ponto 1,Lorena/Paula/Pablo/Thalita/Maryane,Progne tapera,andorinha-do-campo,
19/09/2024,06:18,Ponto 1,Lorena/Paula/Pablo/Thalita/Maryane,Passer domesticus,pardal,
19/09/2024,06:19,Ponto 1,Lorena/Paula/Pablo/Thalita/Maryane,Lepidoptera,mariposa,
19/09/2024,06:21,Ponto 1,Lorena/Paula/Pablo/Thalita/Maryane,Indigofera hirsuta,anileira,
19/09/2024,06:22,Ponto 1,Lorena/Paula/Pablo/Thalita/Maryane,Apis mellifera,abelha-do-mel,
19/09/2024,06:23,Ponto 1,Lorena/Paula/Pablo/Thalita/Maryane,Troglodytes aedon,curruíra,
19/09/2024,06:24,Ponto 2,Lorena/Paula/Pablo/Thalita/Maryane,Athene cunicularia,coruja-buraqueira,
19/09/2024,06:28,Ponto 2,Lorena/Paula/Pablo/Thalita/Maryane,Tyrannus melancholicus,suiriri,
19/09/2024,06:29,Ponto 2,Lorena/Paula/Pablo/Thalita/Maryane,Fluvicola nengeta,lavadeira-mascarada,
19/09/2024,06:30,Ponto 2,Lorena/Paula/Pablo/Thalita/Maryane,Thraupis palmarum,sanhaço-do-coqueiro,
19/09/2024,06:30,Ponto 2,Lorena/Paula/Pablo/Thalita/Maryane,Patagioenas picazuro,asa-branca,
19/09/2024,06:33,Ponto 2,Lorena/Paula/Pablo/Thalita/Maryane,Sicalis flaveola,canário-da-terra,
19/09/2024,06:33,Ponto 2,Lorena/Paula/Pablo/Thalita/Maryane,Gomphrena globosa,perpétua-rosa,
19/09/2024,06:34,Ponto 2,Lorena/Paula/Pablo/Thalita/Maryane,Tridax procumbens,erva-de-touro,
19/09/2024,06:34,Ponto 2,Lorena/Paula/Pablo/Thalita/Maryane,Guira guira,anú-branco,
19/09/2024,06:36,Ponto 2,Lorena/Paula/Pablo/Thalita/Maryane,Pitangus sulphuratus,bem-te-vi,
19/09/2024,06:36,Ponto 2,Lorena/Paula/Pablo/Thalita/Maryane,Solenopsis sp.,formiga-de-fogo,
19/09/2024,06:37,Ponto 2,Lorena/Paula/Pablo/Thalita/Maryane,Furnarius rufus,joão-de-barro,
19/09/2024,06:37,Ponto 2,Lorena/Paula/Pablo/Thalita/Maryane,Euphonia chlorotica,fim-fim,
19/09/2024,06:37,Ponto 2,Lorena/Paula/Pablo/Thalita/Maryane,Indigofera hirsuta,anileira,
19/09/2024,06:38,Ponto 2 ,Lorena/Paula/Pablo/Thalita/Maryane,Angiosperma,planta,
19/09/2024,06:42,Ponto 3,Lorena/Paula/Pablo/Thalita/Maryane,Tillandsia stricta,cravo-do-mato,
19/09/2024,06:42,Ponto 3 ,Lorena/Paula/Pablo/Thalita/Maryane,Araneae,aranha,
19/09/2024,06:43,Ponto 3,Lorena/Paula/Pablo/Thalita/Maryane,Todirostrum cinereum,ferreirinho-relógio,
19/09/2024,06:45,Ponto 3 ,Lorena/Paula/Pablo/Thalita/Maryane,Formicidae,formiga,
19/09/2024,06:45,Ponto 3,Lorena/Paula/Pablo/Thalita/Maryane,Solenopsis sp.,formiga de fogo,
19/09/2024,06:46,Ponto 3 ,Lorena/Paula/Pablo/Thalita/Maryane,Spermacoce verticillata,vassourinha-de-botão,
19/09/2024,06:46,Ponto 3,Lorena/Paula/Pablo/Thalita/Maryane,Leucaena leucocephala,leucena,
19/09/2024,06:47,Ponto 3 ,Lorena/Paula/Pablo/Thalita/Maryane,Turnera subulata,xanana,
19/09/2024,06:48,Ponto 3 ,Lorena/Paula/Pablo/Thalita/Maryane,Acromyrmex sp.,saúva,
19/09/2024,06:50,Ponto 3,Lorena/Paula/Pablo/Thalita/Maryane,Tyrannus melancholicus,suiriri,
19/09/2024,06:50,Ponto 3 ,Lorena/Paula/Pablo/Thalita/Maryane,Chionomesa fimbriata,beija-flor-de-garganta-verde,
19/09/2024,06:50,Ponto 3,Lorena/Paula/Pablo/Thalita/Maryane,Coragyps atratus,urubu-de-cabeça-preta,
19/09/2024,06:50,Ponto 3 ,Lorena/Paula/Pablo/Thalita/Maryane,Patagioenas picazuro,asa-branca,
19/09/2024,06:52,Ponto 3 ,Lorena/Paula/Pablo/Thalita/Maryane,Coereba flaveola,cambacica,
19/09/2024,06:53,Ponto 3,Lorena/Paula/Pablo/Thalita/Maryane,Pitangus sulphuratus,bem-te-vi,
19/09/2024,06:55,Ponto 3 ,Lorena/Paula/Pablo/Thalita/Maryane,Euphonia chlorotica,fim-fim,
19/09/2024,06:59,Ponto 4,Lorena/Paula/Pablo/Thalita/Maryane,Turnera subulata,xanana,
19/09/2024,06:59,Ponto 4,Lorena/Paula/Pablo/Thalita/Maryane,Apis mellifera,abelha-do-mel,
19/09/2024,07:00,Ponto 4,Lorena/Paula/Pablo/Thalita/Maryane,Pitangus sulphuratus,bem-te-vi,
19/09/2024,07:00,Ponto 4,Lorena/Paula/Pablo/Thalita/Maryane,Thraupis palmarum,sanhaço-do-coqueiro,
19/09/2024,07:00,Ponto 4,Lorena/Paula/Pablo/Thalita/Maryane,Pygochelidon cyanoleuca,andorinha-pequena-de-casa,
19/09/2024,07:00,Ponto 4,Lorena/Paula/Pablo/Thalita/Maryane,Indigofera hirsuta,anileira,
19/09/2024,07:00,Ponto 4,Lorena/Paula/Pablo/Thalita/Maryane,Gomphrena celosioides,perpétua-branca,
19/09/2024,07:01,Ponto 4,Lorena/Paula/Pablo/Thalita/Maryane,Amaranthus viridis,caruru-de-mancha,
19/09/2024,07:01,Ponto 4,Lorena/Paula/Pablo/Thalita/Maryane,Passer domesticus,pardal,
19/09/2024,07:01,Ponto 4,Lorena/Paula/Pablo/Thalita/Maryane,Tridax procumbens,erva-de-touro,
19/09/2024,07:02,Ponto 4,Lorena/Paula/Pablo/Thalita/Maryane,Tyrannus melancholicus,suiriri,
19/09/2024,07:02,Ponto 4,Lorena/Paula/Pablo/Thalita/Maryane,Patagioenas picazuro,asa-branca,
19/09/2024,07:02,Ponto 4,Lorena/Paula/Pablo/Thalita/Maryane,Columbina talpacoti,rolinha-roxa,
19/09/2024,07:03,Ponto 4,Lorena/Paula/Pablo/Thalita/Maryane,Trigona spinipes,abelha-cachorro,
19/09/2024,07:03,Ponto 4,Lorena/Paula/Pablo/Thalita/Maryane,Passer domesticus,pardal,
19/09/2024,07:03,Ponto 4,Lorena/Paula/Pablo/Thalita/Maryane,Myiozetetes similis,bentevizinho-de-penacho-vermelho,
19/09/2024,07:04,Ponto 4,Lorena/Paula/Pablo/Thalita/Maryane,Sicalis flaveola,canário-da-terra,
19/09/2024,07:10,Ponto 4,Lorena/Paula/Pablo/Thalita/Maryane,Troglodytes aedon,curruíra,
19/09/2024,07:22,Ponto 5,Lorena/Paula/Pablo/Thalita/Maryane,Pitangus sulphuratus,bem-te-vi,
19/09/2024,07:22,Ponto 5,Lorena/Paula/Pablo/Thalita/Maryane,Troglodytes aedon,curruíra,
19/09/2024,07:23,Ponto 5,Lorena/Paula/Pablo/Thalita/Maryane,Patagioenas picazuro,asa branca,
19/09/2024,07:23,Ponto 5,Lorena/Paula/Pablo/Thalita/Maryane,Thraupis palmarum,sanhaço-do-coqueiro,
19/09/2024,07:25,Ponto 5,Lorena/Paula/Pablo/Thalita/Maryane,Xylocopa frontalis,mamangava,
19/09/2024,07:25,Ponto 5,Lorena/Paula/Pablo/Thalita/Maryane,Zenaida auriculata,pomba-de-bando,
19/09/2024,07:26,Ponto 5,Lorena/Paula/Pablo/Thalita/Maryane,Sicalis flaveola,canário-da-terra,
19/09/2024,07:26,Ponto 5,Lorena/Paula/Pablo/Thalita/Maryane,Picumnus cirratus,picapauzinho-barrado,
19/09/2024,07:26,Ponto 5,Lorena/Paula/Pablo/Thalita/Maryane,Elaenia sp.,guaracava,
19/09/2024,07:28,Ponto 5,Lorena/Paula/Pablo/Thalita/Maryane,Parthenium hysterophorus,losna-branca,
19/09/2024,07:29,Ponto 5,Lorena/Paula/Pablo/Thalita/Maryane,Acromyrmex sp.,saúva,
19/09/2024,07:29,Ponto 5,Lorena/Paula/Pablo/Thalita/Maryane,Coereba flaveola,cambacica,
19/09/2024,07:29,Ponto 5,Lorena/Paula/Pablo/Thalita/Maryane,Amaranthus viridis,caruru-de-mancha,
19/09/2024,07:30,Ponto 5,Lorena/Paula/Pablo/Thalita/Maryane,Asiopus minimus,tenébrio,
19/09/2024,07:32,Ponto 5,Lorena/Paula/Pablo/Thalita/Maryane,Myiozetetes similis,bentevizinho-de-penacho-vermelho,
19/09/2024,07:32,Ponto 5,Lorena/Paula/Pablo/Thalita/Maryane,Progne tapera,andorinha-do-campo,
19/09/2024,07:34,Ponto 6,Lorena/Paula/Pablo/Thalita/Maryane,Myiozetetes similis,bentevizinho-de-penacho-vermelho,
19/09/2024,07:35,Ponto 6,Lorena/Paula/Pablo/Thalita/Maryane,Zenaida auriculata,pomba-de-bando,
19/09/2024,07:36,Ponto 6,Lorena/Paula/Pablo/Thalita/Maryane,Guira guira,anú-branco,
19/09/2024,07:36,Ponto 6 ,Lorena/Paula/Pablo/Thalita/Maryane,Tyrannus melancholicus,suiriri,
19/09/2024,07:36,Ponto 6,Lorena/Paula/Pablo/Thalita/Maryane,Furnarius rufus,joão-de-barro,
19/09/2024,07:37,Ponto 6,Lorena/Paula/Pablo/Thalita/Maryane,Spermacoce verticillata,vassourinha-de-botão,
19/09/2024,07:37,Ponto 6,Lorena/Paula/Pablo/Thalita/Maryane,Indigofera hirsuta,anileira,
19/09/2024,07:37,Ponto 6 ,Lorena/Paula/Pablo/Thalita/Maryane,Gomphrena celosioides,perpétua-branca,
19/09/2024,07:37,Ponto 6,Lorena/Paula/Pablo/Thalita/Maryane,Turnera subulata,xanana,
19/09/2024,07:39,Ponto 6,Lorena/Paula/Pablo/Thalita/Maryane,Macroptilium atropurpureum,feijão-de-pombo,
19/09/2024,07:40,Ponto 6,Lorena/Paula/Pablo/Thalita/Maryane,Tridax procumbens,erva-de-touro,
19/09/2024,07:41,Ponto 6,Lorena/Paula/Pablo/Thalita/Maryane,Hemiargus hanno,borboleta-azulzinha,
19/09/2024,07:42,Ponto 6,Lorena/Paula/Pablo/Thalita/Maryane,Thraupis palmarum,sanhaço-do-coqueiro,
19/09/2024,07:42,Ponto 6,Lorena/Paula/Pablo/Thalita/Maryane,Coragyps atratus,urubu-de-cabeça-preta,
19/09/2024,07:43,Ponto 6,Lorena/Paula/Pablo/Thalita/Maryane,Dysdercus sp.,percevejo-manchador,
19/09/2024,07:43,Ponto 6,Lorena/Paula/Pablo/Thalita/Maryane,Acromyrmex sp.,saúva,
19/09/2024,07:47,Ponto 6 ,Lorena/Paula/Pablo/Thalita/Maryane,Emilia sonchifolia,serralinha,
19/09/2024,07:49,Ponto 6,Lorena/Paula/Pablo/Thalita/Maryane,Ruellia blechum,camarrão-verde,
19/09/2024,07:50,Ponto 6,Lorena/Paula/Pablo/Thalita/Maryane,Passer domesticus,pardal,
19/09/2024,07:51,Ponto 7 (caminho),Lorena/Paula/Pablo/Thalita/Maryane,,aranha orbitela,
19/09/2024,07:52,Ponto 7 (caminho),Lorena/Paula/Pablo/Thalita/Maryane,,formiga,
19/09/2024,07:55,Ponto 7,Lorena/Paula/Pablo/Thalita/Maryane,Thraupis palmarum,sanhaço-do-coqueiro,
19/09/2024,07:55,Ponto 7,Lorena/Paula/Pablo/Thalita/Maryane,Columbina talpacoti,rolinha-roxa,
19/09/2024,07:55,Ponto 7,Lorena/Paula/Pablo/Thalita/Maryane,Pitangus sulphuratus,bem-te-vi,
19/09/2024,07:56,Ponto 7,Lorena/Paula/Pablo/Thalita/Maryane,Patagioenas picazuro,asa-branca,
19/09/2024,07:56,Ponto 7,Lorena/Paula/Pablo/Thalita/Maryane,Troglodytes aedon,curruíra,
19/09/2024,07:56,Ponto 7,Lorena/Paula/Pablo/Thalita/Maryane,Nephilingis cruentata,maria-bola,
19/09/2024,07:56,Ponto 7,Lorena/Paula/Pablo/Thalita/Maryane,Ruellia blechum,camarão-verde,
19/09/2024,07:57,Ponto 7,Lorena/Paula/Pablo/Thalita/Maryane,Struthanthus flexicaulis,erva-de-passarinho,
19/09/2024,07:58,Ponto 7,Lorena/Paula/Pablo/Thalita/Maryane,Myiozetetes similis,bemtevizinho-de-penacho-vermelho,
19/09/2024,07:58,Ponto 7,Lorena/Paula/Pablo/Thalita/Maryane,Panicum maximum,capim colonião,
19/09/2024,07:58,Ponto 7,Lorena/Paula/Pablo/Thalita/Maryane,,aranha,
19/09/2024,07:59,Ponto 7,Lorena/Paula/Pablo/Thalita/Maryane,Talinum fruticosum,beldroega-grande,
19/09/2024,08:00,Ponto 7,Lorena/Paula/Pablo/Thalita/Maryane,Eupetomena macroura,beija-flor-tesoura,
19/09/2024,08:00,Ponto 7,Lorena/Paula/Pablo/Thalita/Maryane,Elaenia sp.,guaracava,
19/09/2024,08:01,Ponto 7,Lorena/Paula/Pablo/Thalita/Maryane,Leucaena leucocephala,leucena,
19/09/2024,08:01,Ponto 7,Lorena/Paula/Pablo/Thalita/Maryane,Coereba flaveola,cambacica,
19/09/2024,08:01,Ponto 7,Lorena/Paula/Pablo/Thalita/Maryane,Falco sparverius,quiriquiri,
19/09/2024,08:03,Ponto 7,Lorena/Paula/Pablo/Thalita/Maryane,Chionomesa fimbriata,beija-flor-de-garganta-verde,
19/09/2024,08:03,Ponto 7,Lorena/Paula/Pablo/Thalita/Maryane,Ectatomma permagnum,formiga,
19/09/2024,08:04,Ponto 7,Lorena/Paula/Pablo/Thalita/Maryane,Argiope argentata,aranha-de-prata,
19/09/2024,08:23,Ponto 8,Lorena/Paula/Pablo/Thalita/Maryane,Hemiargus hanno,borboleta-azulzinha,
19/09/2024,08:23,Ponto 8,Lorena/Paula/Pablo/Thalita/Maryane,Euphorbia hirta,erva-de-santa-luzia,
19/09/2024,08:23,Ponto 8,Lorena/Paula/Pablo/Thalita/Maryane,Priva lappulacea,carrapicho,
19/09/2024,08:23,Ponto 8,Lorena/Paula/Pablo/Thalita/Maryane,Parthenium hysterophorus,losna-branca,
19/09/2024,08:23,Ponto 8,Lorena/Paula/Pablo/Thalita/Maryane,Ruellia blechum,camarão-verde,
19/09/2024,08:23,Ponto 8,Lorena/Paula/Pablo/Thalita/Maryane,Youngia japonica,barba-de-falcão,
19/09/2024,08:26,Ponto 8,Lorena/Paula/Pablo/Thalita/Maryane,Sicalis flaveola,canário-da-terra,
19/09/2024,08:26,Ponto 8,Lorena/Paula/Pablo/Thalita/Maryane,Lantana camara,lantana,
19/09/2024,08:26,Ponto 8,Lorena/Paula/Pablo/Thalita/Maryane,Tridax procumbens,erva-de-touro,
19/09/2024,08:27,Ponto 8,Lorena/Paula/Pablo/Thalita/Maryane,Anartia jatrophae,borboleta-pavão-branca,
19/09/2024,08:27,Ponto 8,Lorena/Paula/Pablo/Thalita/Maryane,Coereba flaveola,cambacica,
19/09/2024,08:29,Ponto 8,Lorena/Paula/Pablo/Thalita/Maryane,Ruellia paniculata,ruélia,
19/09/2024,08:29,Ponto 8,Lorena/Paula/Pablo/Thalita/Maryane,Mimosa pudica ,dormideira,
19/09/2024,08:30,Ponto 8,Lorena/Paula/Pablo/Thalita/Maryane,Portulaca oleracea,beldroega,
19/09/2024,08:30,Ponto 8,Lorena/Paula/Pablo/Thalita/Maryane,Amaranthus viridis,caruru-manso,
19/09/2024,08:30,Ponto 8,Lorena/Paula/Pablo/Thalita/Maryane,Sonchus oleraceus,serralha,
19/09/2024,08:30,Ponto 8,Lorena/Paula/Pablo/Thalita/Maryane,Solanum americanum,maria-preta,
19/09/2024,08:30,Ponto 8,Lorena/Paula/Pablo/Thalita/Maryane,Palpada sp.,mosca-da-flor,
19/09/2024,08:30,Ponto 8,Lorena/Paula/Pablo/Thalita/Maryane,Dysdercus sp.,percevejo manchador,
19/09/2024,08:31,Ponto 8,Lorena/Paula/Pablo/Thalita/Maryane,Emilia fosbergii,emília,
19/09/2024,08:31,Ponto 8,Lorena/Paula/Pablo/Thalita/Maryane,Pepsis sp.,vespa cavalo do cão,
19/09/2024,08:32,Ponto 8,Lorena/Paula/Pablo/Thalita/Maryane,Panicum maximum,capim colonião,
19/09/2024,08:32,Ponto 8,Lorena/Paula/Pablo/Thalita/Maryane,Bidens pilosa,picão preto,
19/09/2024,08:35,Ponto 8,Lorena/Paula/Pablo/Thalita/Maryane,Thunbergia alata,suzana-dos-olhos-negros,
19/09/2024,08:35,Ponto 8,Lorena/Paula/Pablo/Thalita/Maryane,Spermacoce verticillata,vassourinha-de-botão,
19/09/2024,08:35,Ponto 8,Lorena/Paula/Pablo/Thalita/Maryane,Apis mellifera,abelha-do-mel,
19/09/2024,08:36,Ponto 8,Lorena/Paula/Pablo/Thalita/Maryane,Galinsoga parviflora,picão branco,
19/09/2024,08:36,Ponto 8,Lorena/Paula/Pablo/Thalita/Maryane,Lepidium virginicum,mastruz,
19/09/2024,08:36,Ponto 8,Lorena/Paula/Pablo/Thalita/Maryane,Cyperus rotundus,tiririca,
19/09/2024,08:37,Ponto 8,Lorena/Paula/Pablo/Thalita/Maryane,Taraxacum officinale,dente-de-leão,
19/09/2024,08:37,Ponto 8,Lorena/Paula/Pablo/Thalita/Maryane,Augochlora aurifera,abelha-do-suor,
19/09/2024,08:38,Ponto 8,Lorena/Paula/Pablo/Thalita/Maryane,Tyrannus melancholicus,suiriri,
19/09/2024,08:38,Ponto 8,Lorena/Paula/Pablo/Thalita/Maryane,Setaria parviflora,capim-rabo-de-raposa,
19/09/2024,08:39,Ponto 8,Lorena/Paula/Pablo/Thalita/Maryane,Macroptilium atropurpureum,feijão-de-pombo,
19/09/2024,08:39,Ponto 8,Lorena/Paula/Pablo/Thalita/Maryane,Commelina erecta,trapoeraba,
19/09/2024,08:39,Ponto 8,Lorena/Paula/Pablo/Thalita/Maryane,Gomphrena globosa,perpétua-rosa,
19/09/2024,08:39,Ponto 8,Lorena/Paula/Pablo/Thalita/Maryane,Phyllanthus amarus,quebra-pedra,
19/09/2024,08:40,Ponto 8,Lorena/Paula/Pablo/Thalita/Maryane,Drymaria cordata,orelha-de-rato,
19/09/2024,08:40,Ponto 8,Lorena/Paula/Pablo/Thalita/Maryane,Pieris brassicae,borboleta-da-couve,
19/09/2024,08:41,Ponto 8,Lorena/Paula/Pablo/Thalita/Maryane,Gomphrena celosioides,perpétua-branca,
19/09/2024,08:43,Ponto 8,Lorena/Paula/Pablo/Thalita/Maryane,Trigona spinipes,abelha-cachorro,
19/09/2024,08:43,Ponto 8,Lorena/Paula/Pablo/Thalita/Maryane,Cycloneda sanguinea,joaninha-sem-pinta ,
19/09/2024,08:47,Ponto 8,Lorena/Paula/Pablo/Thalita/Maryane,Coragyps atratus,urubu-de-cabeça-preta,
19/09/2024,08:50,Ponto 9,Lorena/Paula/Pablo/Thalita/Maryane,Pitangus sulphuratus,bem-te-vi,
19/09/2024,08:50,Ponto 9,Lorena/Paula/Pablo/Thalita/Maryane,Troglodytes aedon,curruíra,
19/09/2024,08:50,Ponto 9,Lorena/Paula/Pablo/Thalita/Maryane,Tyrannus melancholicus,suiriri,
19/09/2024,08:51,Ponto 9,Lorena/Paula/Pablo/Thalita/Maryane,Coereba flaveola,cambacica,
19/09/2024,08:51,Ponto 9,Lorena/Paula/Pablo/Thalita/Maryane,Euphonia chlorotica,fim-fim,
19/09/2024,08:51,Ponto 9,Lorena/Paula/Pablo/Thalita/Maryane,Turnera subulata,xanana,
19/09/2024,08:52,Ponto 9,Lorena/Paula/Pablo/Thalita/Maryane,Macroptilium atropurpureum,feijão-de-pombo,
19/09/2024,08:52,Ponto 9,Lorena/Paula/Pablo/Thalita/Maryane,Fluvicola nengeta,lavadeira-mascarada,
19/09/2024,08:52,Ponto 9,Lorena/Paula/Pablo/Thalita/Maryane,Richardia brasiliensis,poaia,
19/09/2024,08:53,Ponto 9,Lorena/Paula/Pablo/Thalita/Maryane,Acromyrmex sp.,saúva,
19/09/2024,08:54,Ponto 9,Lorena/Paula/Pablo/Thalita/Maryane,Alysicarpus vaginalis,leguminosa,
19/09/2024,08:55,Ponto 9,Lorena/Paula/Pablo/Thalita/Maryane,Tridax procumbens,erva-de-touro,
19/09/2024,08:55,Ponto 9,Lorena/Paula/Pablo/Thalita/Maryane,Trigona spinipes,abelha cachorro,
19/09/2024,08:55,Ponto 9,Lorena/Paula/Pablo/Thalita/Maryane,Algochlora sp.,abelha-do-suor,
19/09/2024,08:55,Ponto 9,Lorena/Paula/Pablo/Thalita/Maryane,Disonycha spilotrachela,besouro,
19/09/2024,08:56,Ponto 9,Lorena/Paula/Pablo/Thalita/Maryane,Machetornis rixosa,suiriri-cavaleiro,
19/09/2024,08:57,Ponto 9,Lorena/Paula/Pablo/Thalita/Maryane,Mimosa pudica,dormideira,
19/09/2024,08:58,Ponto 9,Lorena/Paula/Pablo/Thalita/Maryane,Parthenium hysterophorus,losna branca,
19/09/2024,08:58,Ponto 9,Lorena/Paula/Pablo/Thalita/Maryane,Euphorbia hirta,erva-de-santa-luzia,
19/09/2024,08:58,Ponto 9,Lorena/Paula/Pablo/Thalita/Maryane,Phyllanthus amarus,quebra-pedra,
19/09/2024,08:59,Ponto 9,Lorena/Paula/Pablo/Thalita/Maryane,Gomphrena celosioides,perpétua branca,
19/09/2024,08:59,Ponto 9,Lorena/Paula/Pablo/Thalita/Maryane,Solanum americanum,maria pretinha,
19/09/2024,08:59,Ponto 9,Lorena/Paula/Pablo/Thalita/Maryane,Amaranthus viridis,caruru de mancha,
19/09/2024,08:59,Ponto 9,Lorena/Paula/Pablo/Thalita/Maryane,Sarcophaga sp.,mosca varejeira,
19/09/2024,09:00,Ponto 9,Lorena/Paula/Pablo/Thalita/Maryane,Indigofera hirsuta,anileira,
19/09/2024,09:01,Ponto 9,Lorena/Paula/Pablo/Thalita/Maryane,Todirostrum cinereum,ferreirinho relógio,
19/09/2024,09:03,Ponto 9 ,Lorena/Paula/Pablo/Thalita/Maryane,Nannotrigona testaceicornes,abelha iraí,
19/09/2024,09:08,Ponto 10,Lorena/Paula/Pablo/Thalita/Maryane,,pica pau,
19/09/2024,09:09,Ponto 10,Lorena/Paula/Pablo/Thalita/Maryane,Turdus leucomelas,sabiá-barranco,
19/09/2024,09:09,Ponto 10,Lorena/Paula/Pablo/Thalita/Maryane,Zenaida auriculata,pomba-de-bando,
19/09/2024,09:09,Ponto 10,Lorena/Paula/Pablo/Thalita/Maryane,Columba livia,pombo-doméstico,
19/09/2024,09:09,Ponto 10,Lorena/Paula/Pablo/Thalita/Maryane,Caracara plancus,carcará,
19/09/2024,09:10,Ponto 10,Lorena/Paula/Pablo/Thalita/Maryane,Pitangus sulphuratus,bem-te-vi,
19/09/2024,09:10,Ponto 10,Lorena/Paula/Pablo/Thalita/Maryane,Troglodytes aedon,curruira,
19/09/2024,09:11,Ponto 10,Lorena/Paula/Pablo/Thalita/Maryane,Passer domesticus,pardal,
19/09/2024,09:11,Ponto 10,Lorena/Paula/Pablo/Thalita/Maryane,Pieris brassicae,borboleta-da-couve,
19/09/2024,09:11,Ponto 10,Lorena/Paula/Pablo/Thalita/Maryane,Coereba flaveola,cambacica,
19/09/2024,09:11,Ponto 10,Lorena/Paula/Pablo/Thalita/Maryane,Solenopsis sp.,formiga de fogo,
19/09/2024,09:12,Ponto 10,Lorena/Paula/Pablo/Thalita/Maryane,Tyrannus melancholicus,suiriri,
19/09/2024,09:15,Ponto 10,Lorena/Paula/Pablo/Thalita/Maryane,Gomphrena globosa,perpétua rosa,
19/09/2024,09:15,Ponto 10,Lorena/Paula/Pablo/Thalita/Maryane,Parthenium hysterophorus,losna branca,
19/09/2024,09:15,Ponto 10,Lorena/Paula/Pablo/Thalita/Maryane,Spermacoce verticillata,vassourinha-de-botão,
19/09/2024,09:15,Ponto 10,Lorena/Paula/Pablo/Thalita/Maryane,Turnera subulata,xanana,
19/09/2024,09:16,Ponto 10,Lorena/Paula/Pablo/Thalita/Maryane,Richardia brasiliensis,poaia-branca,
19/09/2024,09:16,Ponto 10,Lorena/Paula/Pablo/Thalita/Maryane,Emilia sp.,emília,
19/09/2024,09:16,Ponto 10,Lorena/Paula/Pablo/Thalita/Maryane,Lycosidae,aranha lobo,
19/09/2024,09:17,Ponto 10,Lorena/Paula/Pablo/Thalita/Maryane,Salticidae,aranha-papa-mosca,
19/09/2024,09:17,Ponto 10,Lorena/Paula/Pablo/Thalita/Maryane,Algochora sp.,abelha-do-suor,
19/09/2024,,,,,,
19/09/2024,,,,,,
19/09/2024,,,,,,
19/09/2024,,,,,,
19/09/2024,,,,,,
19/09/2024,,,,,,
19/09/2024,,,,,,
19/09/2024,,,,,,
19/09/2024,,,,,,
19/09/2024,,,,,,
19/09/2024,,,,,,
19/09/2024,,,,,,
19/09/2024,,,,,,
19/09/2024,,,,,,