verbatimScientificName,scientificName,key,matchType,confidence,status,rank,kingdom,phylum,class,order,family,genus,species,canonicalName,authorship,usageKey,acceptedUsageKey
Abrachis flavolineata,"Abracris flavolineata (De Geer, 1773)",1703595,FUZZY,85,ACCEPTED,SPECIES,Animalia,Arthropoda,Insecta,Orthoptera,Acrididae,Abracris,Abracris flavolineata,Abracris flavolineata,"(De Geer, 1773)",1703595,
Acacia mangium,Acacia mangium Willd.,2979091,EXACT,99,ACCEPTED,SPECIES,Plantae,Tracheophyta,Magnoliopsida,Fabales,Fabaceae,Acacia,Acacia mangium,Acacia mangium,Willd.,2979091,
Acalypha,Acalypha L.,3055964,EXACT,94,ACCEPTED,GENUS,Plantae,Tracheophyta,Magnoliopsida,Malpighiales,Euphorbiaceae,Acalypha,,Acalypha,L.,3055964,
Acanthospermum hispidum,Acanthospermum hispidum DC.,3100375,EXACT,99,ACCEPTED,SPECIES,Plantae,Tracheophyta,Magnoliopsida,Asterales,Asteraceae,Acanthospermum,Acanthospermum hispidum,Acanthospermum hispidum,DC.,3100375,
Aconophorini,Membracidae,7889,EDITED,,ACCEPTED,FAMILY,Animalia,Arthropoda,Insecta,Hemiptera,Membracidae,,,Membracidae,,,
Acromyrmex,"Acromyrmex Mayr, 1865",1320640,EXACT,94,ACCEPTED,GENUS,Animalia,Arthropoda,Insecta,Hymenoptera,Formicidae,Acromyrmex,,Acromyrmex,"Mayr, 1865",1320640,
Aedes aegypti,"Aedes aegypti (Linnaeus, 1762)",1651891,EXACT,99,ACCEPTED,SPECIES,Animalia,Arthropoda,Insecta,Diptera,Culicidae,Aedes,Aedes aegypti,Aedes aegypti,"(Linnaeus, 1762)",1651891,
Aetalion reticulatum,"Aetalion reticulatum (Linnaeus, 1758)",9597237,EXACT,99,ACCEPTED,SPECIES,Animalia,Arthropoda,Insecta,Hemiptera,Aetalionidae,Aetalion,Aetalion reticulatum,Aetalion reticulatum,"(Linnaeus, 1758)",9597237,
Agaricus,"Agaricus Linnaeus, 1753",2518646,EXACT,92,ACCEPTED,GENUS,Fungi,Basidiomycota,Agaricomycetes,Agaricales,Agaricaceae,Agaricus,,Agaricus,"Linnaeus, 1753",2518646,
Alpaida versicolor,"Alpaida versicolor (Keyserling, 1877)",2159357,EXACT,99,ACCEPTED,SPECIES,Animalia,Arthropoda,Arachnida,Araneae,Araneidae,Alpaida,Alpaida versicolor,Alpaida versicolor,"(Keyserling, 1877)",2159357,
Alternanthera,Alternanthera Forssk.,3084921,EXACT,94,ACCEPTED,GENUS,Plantae,Tracheophyta,Magnoliopsida,Caryophyllales,Amaranthaceae,Alternanthera,,Alternanthera,Forssk.,3084921,
Alternanthera ficoidea,Alternanthera ficoidea (L.) R.Br.,8160803,EXACT,97,ACCEPTED,SPECIES,Plantae,Tracheophyta,Magnoliopsida,Caryophyllales,Amaranthaceae,Alternanthera,Alternanthera ficoidea,Alternanthera ficoidea,(L.) R.Br.,8160803,
Alternanthera philoxeroides,Alternanthera philoxeroides (Mart.) Griseb.,3084923,EXACT,99,ACCEPTED,SPECIES,Plantae,Tracheophyta,Magnoliopsida,Caryophyllales,Amaranthaceae,Alternanthera,Alternanthera philoxeroides,Alternanthera philoxeroides,(Mart.) Griseb.,3084923,
Alternanthera tenella,Alternanthera Forssk.,3084921,HIGHERRANK,97,ACCEPTED,GENUS,Plantae,Tracheophyta,Magnoliopsida,Caryophyllales,Amaranthaceae,Alternanthera,,Alternanthera,Forssk.,3084921,
Althernantera,Alternanthera Forssk.,3084921,EDITED,59,ACCEPTED,GENUS,Plantae,Tracheophyta,Magnoliopsida,Caryophyllales,Amaranthaceae,Alternanthera,,Alternanthera,,3084921,
Alyricarpus vaginalis,Alysicarpus vaginalis (L.) DC.,2948605,FUZZY,80,ACCEPTED,SPECIES,Plantae,Tracheophyta,Magnoliopsida,Fabales,Fabaceae,Alysicarpus,Alysicarpus vaginalis,Alysicarpus vaginalis,(L.) DC.,2948605,
Alysicarous vaginalis,Alysicarpus vaginalis (L.) DC.,2948605,FUZZY,80,ACCEPTED,SPECIES,Plantae,Tracheophyta,Magnoliopsida,Fabales,Fabaceae,Alysicarpus,Alysicarpus vaginalis,Alysicarpus vaginalis,(L.) DC.,2948605,
Alysicarpus,Alysicarpus Desv.,2948588,EXACT,94,ACCEPTED,GENUS,Plantae,Tracheophyta,Magnoliopsida,Fabales,Fabaceae,Alysicarpus,,Alysicarpus,Desv.,2948588,
Alysicarpus vaginalis,Alysicarpus vaginalis (L.) DC.,2948605,EXACT,97,ACCEPTED,SPECIES,Plantae,Tracheophyta,Magnoliopsida,Fabales,Fabaceae,Alysicarpus,Alysicarpus vaginalis,Alysicarpus vaginalis,(L.) DC.,2948605,
Amaranthus spinosus,Amaranthus spinosus L.,5384401,EXACT,99,ACCEPTED,SPECIES,Plantae,Tracheophyta,Magnoliopsida,Caryophyllales,Amaranthaceae,Amaranthus,Amaranthus spinosus,Amaranthus spinosus,L.,5384401,
Amaranthus viridis,Amaranthus viridis L.,5384334,EXACT,97,ACCEPTED,SPECIES,Plantae,Tracheophyta,Magnoliopsida,Caryophyllales,Amaranthaceae,Amaranthus,Amaranthus viridis,Amaranthus viridis,L.,5384334,
Amynthas gracilis,"Amynthas gracilis (Kinberg, 1866)",2307609,EXACT,99,ACCEPTED,SPECIES,Animalia,Annelida,Clitellata,Crassiclitellata,Megascolecidae,Amynthas,Amynthas gracilis,Amynthas gracilis,"(Kinberg, 1866)",2307609,
Anartia,,,NONE,100,,,,,,,,,,,,,
Anartia jatrophae,"Anartia jatrophae (Linnaeus, 1763)",5128007,EXACT,99,ACCEPTED,SPECIES,Animalia,Arthropoda,Insecta,Lepidoptera,Nymphalidae,Anartia,Anartia jatrophae,Anartia jatrophae,"(Linnaeus, 1763)",5128007,
Angiosperma,,,NONE,100,,,,,,,,,,,,,
Anisoptera,Anisoptera Korth.,3233915,EXACT,94,ACCEPTED,GENUS,Plantae,Tracheophyta,Magnoliopsida,Malvales,Dipterocarpaceae,Anisoptera,,Anisoptera,Korth.,3233915,
Anteos menippe,"Anteos menippe (HÃ¼bner, 1818)",1919129,EXACT,99,ACCEPTED,SPECIES,Animalia,Arthropoda,Insecta,Lepidoptera,Pieridae,Anteos,Anteos menippe,Anteos menippe,"(HÃ¼bner, 1818)",1919129,
Anthophila,"Anthophila Haworth, 1811",5123443,EXACT,92,ACCEPTED,GENUS,Animalia,Arthropoda,Insecta,Lepidoptera,Choreutidae,Anthophila,,Anthophila,"Haworth, 1811",5123443,
Apis mellifera,"Apis mellifera Linnaeus, 1758",1341976,EXACT,99,ACCEPTED,SPECIES,Animalia,Arthropoda,Insecta,Hymenoptera,Apidae,Apis,Apis mellifera,Apis mellifera,"Linnaeus, 1758",1341976,
Aramides saracura,"Aramides saracura (Spix, 1825)",2474658,EXACT,99,ACCEPTED,SPECIES,Animalia,Chordata,Aves,Gruiformes,Rallidae,Aramides,Aramides saracura,Aramides saracura,"(Spix, 1825)",2474658,
Araneae,Araneae,1496,EXACT,94,ACCEPTED,ORDER,Animalia,Arthropoda,Arachnida,Araneae,,,,Araneae,,1496,
Araneidae,Araneidae,7359,EXACT,94,ACCEPTED,FAMILY,Animalia,Arthropoda,Arachnida,Araneae,Araneidae,,,Araneidae,,7359,
Aratinga aurea,"Aratinga aurea (Gmelin, 1788)",2479121,EXACT,99,ACCEPTED,SPECIES,Animalia,Chordata,Aves,Psittaciformes,Psittacidae,Aratinga,Aratinga aurea,Aratinga aurea,"(Gmelin, 1788)",2479121,
Argiope argentata,"Argiope argentata (Fabricius, 1775)",5170999,EXACT,99,ACCEPTED,SPECIES,Animalia,Arthropoda,Arachnida,Araneae,Araneidae,Argiope,Argiope argentata,Argiope argentata,"(Fabricius, 1775)",5170999,
Ascia monuste,"Ascia monuste (Linnaeus, 1764)",5137540,EXACT,99,ACCEPTED,SPECIES,Animalia,Arthropoda,Insecta,Lepidoptera,Pieridae,Ascia,Ascia monuste,Ascia monuste,"(Linnaeus, 1764)",5137540,
Asiopus minimus,"Asiopus Lopatin, 1965",7236134,HIGHERRANK,93,SYNONYM,GENUS,Animalia,Arthropoda,Insecta,Coleoptera,Chrysomelidae,Cryptocephalus,,Asiopus,"Lopatin, 1965",7236134,1048649
Athene cunicularia,"Athene cunicularia (Molina, 1782)",2497240,EXACT,99,ACCEPTED,SPECIES,Animalia,Chordata,Aves,Strigiformes,Strigidae,Athene,Athene cunicularia,Athene cunicularia,"(Molina, 1782)",2497240,
Atta,"Atta Fabricius, 1804",1323108,EDITED,,ACCEPTED,GENUS,Animalia,Arthropoda,Insecta,Hymenoptera,Formicidae,Atta,,Atta,"Fabricius, 1804",,
Atta robusta,"Atta robusta Borgmeier, 1939",5035739,EXACT,99,ACCEPTED,SPECIES,Animalia,Arthropoda,Insecta,Hymenoptera,Formicidae,Atta,Atta robusta,Atta robusta,"Borgmeier, 1939",5035739,
Atta sexdens,"Atta sexdens (Linnaeus, 1758)",5035751,EXACT,99,ACCEPTED,SPECIES,Animalia,Arthropoda,Insecta,Hymenoptera,Formicidae,Atta,Atta sexdens,Atta sexdens,"(Linnaeus, 1758)",5035751,
Augochlora,"Augochlora Smith, 1853",1352768,EXACT,94,ACCEPTED,GENUS,Animalia,Arthropoda,Insecta,Hymenoptera,Halictidae,Augochlora,,Augochlora,"Smith, 1853",1352768,
Augochlora aurifera,"Augochlora aurifera Cockerell, 1897",1352805,EXACT,99,ACCEPTED,SPECIES,Animalia,Arthropoda,Insecta,Hymenoptera,Halictidae,Augochlora,Augochlora aurifera,Augochlora aurifera,"Cockerell, 1897",1352805,
Baccharis dracunculifolia,Baccharis dracunculifolia DC.,3129176,EXACT,99,ACCEPTED,SPECIES,Plantae,Tracheophyta,Magnoliopsida,Asterales,Asteraceae,Baccharis,Baccharis dracunculifolia,Baccharis dracunculifolia,DC.,3129176,
Berytidae,Berytidae,4306,EXACT,94,ACCEPTED,FAMILY,Animalia,Arthropoda,Insecta,Hemiptera,Berytidae,,,Berytidae,,4306,
Bidens pilosa,Bidens pilosa L.,5391845,EXACT,99,ACCEPTED,SPECIES,Plantae,Tracheophyta,Magnoliopsida,Asterales,Asteraceae,Bidens,Bidens pilosa,Bidens pilosa,L.,5391845,
Blaberoidea,,,NONE,100,,,,,,,,,,,,,
Boehmeria cylindrica,Boehmeria cylindrica (L.) Sw.,2984345,EXACT,97,ACCEPTED,SPECIES,Plantae,Tracheophyta,Magnoliopsida,Rosales,Urticaceae,Boehmeria,Boehmeria cylindrica,Boehmeria cylindrica,(L.) Sw.,2984345,
Boerhavia diffusa,Boerhavia diffusa L.,3086282,EXACT,97,ACCEPTED,SPECIES,Plantae,Tracheophyta,Magnoliopsida,Caryophyllales,Nyctaginaceae,Boerhavia,Boerhavia diffusa,Boerhavia diffusa,L.,3086282,
Brachiaria decumbens,Brachiaria decumbens Stapf,2705864,EXACT,98,SYNONYM,SPECIES,Plantae,Tracheophyta,Liliopsida,Poales,Poaceae,Urochloa,Urochloa eminii,Brachiaria decumbens,Stapf,2705864,4150772
Brachiaria mutica,Brachiaria mutica (Forssk.) Stapf,2705851,EXACT,98,SYNONYM,SPECIES,Plantae,Tracheophyta,Liliopsida,Poales,Poaceae,Urochloa,Urochloa mutica,Brachiaria mutica,(Forssk.) Stapf,2705851,2705848
Brachygastra lecheguana,"Brachygastra lecheguana (Latreille, 1824)",1310057,EXACT,99,ACCEPTED,SPECIES,Animalia,Arthropoda,Insecta,Hymenoptera,Vespidae,Brachygastra,Brachygastra lecheguana,Brachygastra lecheguana,"(Latreille, 1824)",1310057,
Bradybaena similaris,"Bradybaena similaris (A.FÃ©russac, 1822)",2297154,EXACT,99,ACCEPTED,SPECIES,Animalia,Mollusca,Gastropoda,Stylommatophora,Camaenidae,Bradybaena,Bradybaena similaris,Bradybaena similaris,"(A.FÃ©russac, 1822)",2297154,
Bryophyta,Bryophyta,35,EXACT,96,ACCEPTED,PHYLUM,Plantae,Bryophyta,,,,,,Bryophyta,,35,
Bulimulus,"Bulimulus Leach, 1814",5429435,EXACT,94,ACCEPTED,GENUS,Animalia,Mollusca,Gastropoda,Stylommatophora,Bulimulidae,Bulimulus,,Bulimulus,"Leach, 1814",5429435,
Bulimulus tenuissimus,"Bulimulus tenuissimus (A.FÃ©russac, 1832)",7737532,EXACT,98,ACCEPTED,SPECIES,Animalia,Mollusca,Gastropoda,Stylommatophora,Bulimulidae,Bulimulus,Bulimulus tenuissimus,Bulimulus tenuissimus,"(A.FÃ©russac, 1832)",7737532,
Burnsius orcus,"Burnsius orcus (Stoll, 1780)",12012526,EXACT,98,SYNONYM,SPECIES,Animalia,Arthropoda,Insecta,Lepidoptera,Hesperiidae,Pyrgus,Pyrgus oileus,Burnsius orcus,"(Stoll, 1780)",12012526,5142436
Caelifera,Orthoptera,1458,EDITED,,ACCEPTED,ORDER,Animalia,Arthropoda,Insecta,Orthoptera,,,,Orthoptera,,,
Camponotus cruentatus,"Camponotus cruentatus (Latreille, 1802)",1312486,EXACT,99,ACCEPTED,SPECIES,Animalia,Arthropoda,Insecta,Hymenoptera,Formicidae,Camponotus,Camponotus cruentatus,Camponotus cruentatus,"(Latreille, 1802)",1312486,
Camptostoma obsoletum,"Camptostoma obsoletum (Temminck, 1824)",2483511,EXACT,99,ACCEPTED,SPECIES,Animalia,Chordata,Aves,Passeriformes,Tyrannidae,Camptostoma,Camptostoma obsoletum,Camptostoma obsoletum,"(Temminck, 1824)",2483511,
capim-rabo-de-raposa,Setaria parviflora (Poir.) KerguÃ©len,5289679,EDITED,,ACCEPTED,SPECIES,Plantae,Tracheophyta,Liliopsida,Poales,Poaceae,Setaria,Setaria parviflora,Setaria parviflora,(Poir.) KerguÃ©len,,
Caracara plancus,"Caracara plancus (J.F.Miller, 1777)",2480989,EXACT,99,ACCEPTED,SPECIES,Animalia,Chordata,Aves,Falconiformes,Falconidae,Caracara,Caracara plancus,Caracara plancus,"(J.F.Miller, 1777)",2480989,
Carcara plancus,"Caracara plancus (J.F.Miller, 1777)",2480989,FUZZY,85,ACCEPTED,SPECIES,Animalia,Chordata,Aves,Falconiformes,Falconidae,Caracara,Caracara plancus,Caracara plancus,"(J.F.Miller, 1777)",2480989,
Cathartes burrovianus,"Cathartes burrovianus Cassin, 1845",2481928,EXACT,99,ACCEPTED,SPECIES,Animalia,Chordata,Aves,Accipitriformes,Cathartidae,Cathartes,Cathartes burrovianus,Cathartes burrovianus,"Cassin, 1845",2481928,
Cenchrus echinatus,Cenchrus echinatus L.,5289739,EXACT,97,ACCEPTED,SPECIES,Plantae,Tracheophyta,Liliopsida,Poales,Poaceae,Cenchrus,Cenchrus echinatus,Cenchrus echinatus,L.,5289739,
Centris,"Centris Fabricius, 1804",1342796,EXACT,94,ACCEPTED,GENUS,Animalia,Arthropoda,Insecta,Hymenoptera,Apidae,Centris,,Centris,"Fabricius, 1804",1342796,
Centrosema brasilianum,Centrosema brasilianum (L.) Benth.,2964988,EXACT,99,ACCEPTED,SPECIES,Plantae,Tracheophyta,Magnoliopsida,Fabales,Fabaceae,Centrosema,Centrosema brasilianum,Centrosema brasilianum,(L.) Benth.,2964988,
Ceratopogonidae,Ceratopogonidae,3340,EXACT,94,ACCEPTED,FAMILY,Animalia,Arthropoda,Insecta,Diptera,Ceratopogonidae,,,Ceratopogonidae,,3340,
Chamaecrista nictitans,Chamaecrista nictitans (L.) Moench,2950302,EXACT,99,ACCEPTED,SPECIES,Plantae,Tracheophyta,Magnoliopsida,Fabales,Fabaceae,Chamaecrista,Chamaecrista nictitans,Chamaecrista nictitans,(L.) Moench,2950302,
Chamaecrista rotundifolia,Chamaecrista rotundifolia (Pers.) Greene,2949803,EXACT,99,ACCEPTED,SPECIES,Plantae,Tracheophyta,Magnoliopsida,Fabales,Fabaceae,Chamaecrista,Chamaecrista rotundifolia,Chamaecrista rotundifolia,(Pers.) Greene,2949803,
Chilocorus nigritus,"Chilocorus nigritus (Fabricius, 1798)",1043498,EXACT,99,ACCEPTED,SPECIES,Animalia,Arthropoda,Insecta,Coleoptera,Coccinellidae,Chilocorus,Chilocorus nigritus,Chilocorus nigritus,"(Fabricius, 1798)",1043498,
Chilopoda,Chilopoda,360,EXACT,94,ACCEPTED,CLASS,Animalia,Arthropoda,Chilopoda,,,,,Chilopoda,,360,
Chilucrus nigritus,"Chilocorus nigritus (Fabricius, 1798)",1043498,EDITED,75,ACCEPTED,SPECIES,Animalia,Arthropoda,Insecta,Coleoptera,Coccinellidae,Chilocorus,Chilocorus nigritus,Chilocorus nigritus,,1043498,
Chionomesa fimbriata,"Chionomesa fimbriata (J.F.Gmelin, 1788)",10941997,EXACT,99,ACCEPTED,SPECIES,Animalia,Chordata,Aves,Apodiformes,Trochilidae,Chionomesa,Chionomesa fimbriata,Chionomesa fimbriata,"(J.F.Gmelin, 1788)",10941997,
Chloris virgata,Chloris virgata Sw.,5289624,EXACT,97,ACCEPTED,SPECIES,Plantae,Tracheophyta,Liliopsida,Poales,Poaceae,Chloris,Chloris virgata,Chloris virgata,Sw.,5289624,
Chrysothrix xanthina,Chrysothrix xanthina (Vain.) Kalb,5258338,EXACT,99,ACCEPTED,SPECIES,Fungi,Ascomycota,Arthoniomycetes,Arthoniales,Chrysotrichaceae,Chrysothrix,Chrysothrix xanthina,Chrysothrix xanthina,(Vain.) Kalb,5258338,
Cicadidae,Cicadidae,6049,EXACT,94,ACCEPTED,FAMILY,Animalia,Arthropoda,Insecta,Hemiptera,Cicadidae,,,Cicadidae,,6049,
Cissus verticillata,Cissus verticillata (L.) Nicolson & C.E.Jarvis,3039173,EXACT,99,ACCEPTED,SPECIES,Plantae,Tracheophyta,Magnoliopsida,Vitales,Vitaceae,Cissus,Cissus verticillata,Cissus verticillata,(L.) Nicolson & C.E.Jarvis,3039173,
Cleome,Cleome L.,3041500,EXACT,94,ACCEPTED,GENUS,Plantae,Tracheophyta,Magnoliopsida,Brassicales,Cleomaceae,Cleome,,Cleome,L.,3041500,
Cleome aculeata,Cleome aculeata L.,3054221,EXACT,98,SYNONYM,SPECIES,Plantae,Tracheophyta,Magnoliopsida,Brassicales,Cleomaceae,Tarenaya,Tarenaya aculeata,Cleome aculeata,L.,3054221,9817145
Coccinellidae,Coccinellidae,7782,EXACT,94,ACCEPTED,FAMILY,Animalia,Arthropoda,Insecta,Coleoptera,Coccinellidae,,,Coccinellidae,,7782,
Coereba flaveola,"Coereba flaveola (Linnaeus, 1758)",2493744,EXACT,99,ACCEPTED,SPECIES,Animalia,Chordata,Aves,Passeriformes,Thraupidae,Coereba,Coereba flaveola,Coereba flaveola,"(Linnaeus, 1758)",2493744,
Columba livia,"Columba livia J.F.Gmelin, 1789",2495414,EXACT,99,ACCEPTED,SPECIES,Animalia,Chordata,Aves,Columbiformes,Columbidae,Columba,Columba livia,Columba livia,"J.F.Gmelin, 1789",2495414,
Columbia picui,"Columbina picui (Temminck, 1813)",2495865,FUZZY,80,ACCEPTED,SPECIES,Animalia,Chordata,Aves,Columbiformes,Columbidae,Columbina,Columbina picui,Columbina picui,"(Temminck, 1813)",2495865,
Columbina livia,"Columba livia J.F.Gmelin, 1789",2495414,EDITED,75,ACCEPTED,SPECIES,Animalia,Chordata,Aves,Columbiformes,Columbidae,Columba,Columba livia,Columba livia,,2495414,
Columbina picui,"Columbina picui (Temminck, 1813)",2495865,EXACT,99,ACCEPTED,SPECIES,Animalia,Chordata,Aves,Columbiformes,Columbidae,Columbina,Columbina picui,Columbina picui,"(Temminck, 1813)",2495865,
Columbina squammata,"Columbina squammata (R.Lesson, 1831)",2495888,EXACT,99,ACCEPTED,SPECIES,Animalia,Chordata,Aves,Columbiformes,Columbidae,Columbina,Columbina squammata,Columbina squammata,"(R.Lesson, 1831)",2495888,
Columbina talpacoti,"Columbina talpacoti (Temminck, 1810)",2495858,EXACT,99,ACCEPTED,SPECIES,Animalia,Chordata,Aves,Columbiformes,Columbidae,Columbina,Columbina talpacoti,Columbina talpacoti,"(Temminck, 1810)",2495858,
Commelina,Commelina Plum. ex L.,2763939,EXACT,94,ACCEPTED,GENUS,Plantae,Tracheophyta,Liliopsida,Commelinales,Commelinaceae,Commelina,,Commelina,Plum. ex L.,2763939,
Commelina erecta,Commelina erecta L.,2764389,EXACT,98,ACCEPTED,SPECIES,Plantae,Tracheophyta,Liliopsida,Commelinales,Commelinaceae,Commelina,Commelina erecta,Commelina erecta,L.,2764389,
Condylostylus,"Condylostylus Bigot, 1859",1610262,EXACT,94,ACCEPTED,GENUS,Animalia,Arthropoda,Insecta,Diptera,Dolichopodidae,Condylostylus,,Condylostylus,"Bigot, 1859",1610262,
Condylostylus longicornis,"Condylostylus longicornis (Fabricius, 1775)",9400286,EXACT,99,ACCEPTED,SPECIES,Animalia,Arthropoda,Insecta,Diptera,Dolichopodidae,Condylostylus,Condylostylus longicornis,Condylostylus longicornis,"(Fabricius, 1775)",9400286,
Conirostrum speciosum,"Conirostrum speciosum (Temminck, 1824)",5230621,EXACT,99,ACCEPTED,SPECIES,Animalia,Chordata,Aves,Passeriformes,Thraupidae,Conirostrum,Conirostrum speciosum,Conirostrum speciosum,"(Temminck, 1824)",5230621,
Copestylum sexmaculatum,"Copestylum sexmaculatum (Palisot de Beauvois, 1819)",1543586,EXACT,99,ACCEPTED,SPECIES,Animalia,Arthropoda,Insecta,Diptera,Syrphidae,Copestylum,Copestylum sexmaculatum,Copestylum sexmaculatum,"(Palisot de Beauvois, 1819)",1543586,
Coragyps atratus,"Coragyps atratus (Bechstein, 1793)",2481942,EXACT,99,ACCEPTED,SPECIES,Animalia,Chordata,Aves,Accipitriformes,Cathartidae,Coragyps,Coragyps atratus,Coragyps atratus,"(Bechstein, 1793)",2481942,
Coronopus didymus,Coronopus didymus (L.) Sm.,5377061,EXACT,98,SYNONYM,SPECIES,Plantae,Tracheophyta,Magnoliopsida,Brassicales,Brassicaceae,Lepidium,Lepidium didymum,Coronopus didymus,(L.) Sm.,5377061,5377060
Cratomorphus,"Cratomorphus Motschulsky, 1853",4756034,EXACT,92,ACCEPTED,GENUS,Animalia,Arthropoda,Insecta,Coleoptera,Lampyridae,Cratomorphus,,Cratomorphus,"Motschulsky, 1853",4756034,
Crepis capillaris,Crepis capillaris (L.) Wallr.,5403304,EXACT,99,ACCEPTED,SPECIES,Plantae,Tracheophyta,Magnoliopsida,Asterales,Asteraceae,Crepis,Crepis capillaris,Crepis capillaris,(L.) Wallr.,5403304,
Crotalaria spectabilis,Crotalaria spectabilis Roth,2942727,EXACT,99,ACCEPTED,SPECIES,Plantae,Tracheophyta,Magnoliopsida,Fabales,Fabaceae,Crotalaria,Crotalaria spectabilis,Crotalaria spectabilis,Roth,2942727,
Crotophaga ani,"Crotophaga ani Linnaeus, 1758",2496209,EXACT,99,ACCEPTED,SPECIES,Animalia,Chordata,Aves,Cuculiformes,Cuculidae,Crotophaga,Crotophaga ani,Crotophaga ani,"Linnaeus, 1758",2496209,
Cubaris murina,"Cubaris murina Brandt, 1833",5175817,EXACT,99,ACCEPTED,SPECIES,Animalia,Arthropoda,Malacostraca,Isopoda,Armadillidae,Cubaris,Cubaris murina,Cubaris murina,"Brandt, 1833",5175817,
Cucumis,Cucumis L.,2874568,EDITED,99,ACCEPTED,GENUS,Plantae,Tracheophyta,Magnoliopsida,Cucurbitales,Cucurbitaceae,Cucumis,,Cucumis,,2874568,
Cucurbitaceae,Cucurbitaceae,6634,EXACT,96,ACCEPTED,FAMILY,Plantae,Tracheophyta,Magnoliopsida,Cucurbitales,Cucurbitaceae,,,Cucurbitaceae,,6634,
Culicidae,Culicidae,3346,EXACT,94,ACCEPTED,FAMILY,Animalia,Arthropoda,Insecta,Diptera,Culicidae,,,Culicidae,,3346,
Cyanerpes cyaneus,"Cyanerpes cyaneus (Linnaeus, 1766)",2488890,EXACT,99,ACCEPTED,SPECIES,Animalia,Chordata,Aves,Passeriformes,Thraupidae,Cyanerpes,Cyanerpes cyaneus,Cyanerpes cyaneus,"(Linnaeus, 1766)",2488890,
Cyanthillium cinereum,Cyanthillium cinereum (L.) H.Rob.,6445734,EXACT,99,ACCEPTED,SPECIES,Plantae,Tracheophyta,Magnoliopsida,Asterales,Asteraceae,Cyanthillium,Cyanthillium cinereum,Cyanthillium cinereum,(L.) H.Rob.,6445734,
Cycloneda sanguinea,"Cycloneda sanguinea (Linnaeus, 1763)",1043105,EXACT,99,ACCEPTED,SPECIES,Animalia,Arthropoda,Insecta,Coleoptera,Coccinellidae,Cycloneda,Cycloneda sanguinea,Cycloneda sanguinea,"(Linnaeus, 1763)",1043105,
Cynodon dactylon,Cynodon dactylon (L.) Pers.,6109637,EXACT,99,ACCEPTED,SPECIES,Plantae,Tracheophyta,Liliopsida,Poales,Poaceae,Cynodon,Cynodon dactylon,Cynodon dactylon,(L.) Pers.,6109637,
Cyperus rotundifolia,Cyperus rotundifolius L.,8066588,FUZZY,94,DOUBTFUL,SPECIES,Plantae,Tracheophyta,Liliopsida,Poales,Cyperaceae,Cyperus,Cyperus rotundifolius,Cyperus rotundifolius,L.,8066588,
Cyperus rotundus,Cyperus rotundus L.,2714818,EXACT,98,ACCEPTED,SPECIES,Plantae,Tracheophyta,Liliopsida,Poales,Cyperaceae,Cyperus,Cyperus rotundus,Cyperus rotundus,L.,2714818,
Danaus plexippus,"Danaus plexippus (Linnaeus, 1758)",5133088,EXACT,99,ACCEPTED,SPECIES,Animalia,Arthropoda,Insecta,Lepidoptera,Nymphalidae,Danaus,Danaus plexippus,Danaus plexippus,"(Linnaeus, 1758)",5133088,
Daphinia,"Daphinia Rafinesque, 1815",4333792,EXACT,94,SYNONYM,GENUS,Animalia,Arthropoda,Copepoda,Calanoida,Calanidae,Calanus,,Daphinia,"Rafinesque, 1815",4333792,2114971
Daphnia,"Daphnia O.F.MÃ¼ller, 1785",2234785,EXACT,94,ACCEPTED,GENUS,Animalia,Arthropoda,Branchiopoda,Diplostraca,Daphniidae,Daphnia,,Daphnia,"O.F.MÃ¼ller, 1785",2234785,
Desmodium adscendens,Desmodium adscendens (Sw.) DC.,2967767,EXACT,98,SYNONYM,SPECIES,Plantae,Tracheophyta,Magnoliopsida,Fabales,Fabaceae,Grona,Grona adscendens,Desmodium adscendens,(Sw.) DC.,2967767,10846639
Desmodium incanum,Desmodium incanum (Sw.) DC.,2967060,EXACT,99,ACCEPTED,SPECIES,Plantae,Tracheophyta,Magnoliopsida,Fabales,Fabaceae,Desmodium,Desmodium incanum,Desmodium incanum,(Sw.) DC.,2967060,
Didelphis,"Didelphis Linnaeus, 1758",7932087,EXACT,94,ACCEPTED,GENUS,Animalia,Chordata,Mammalia,Didelphimorphia,Didelphidae,Didelphis,,Didelphis,"Linnaeus, 1758",7932087,
Digitaria insularis,Digitaria insularis (L.) Mez ex Ekman,5289938,EXACT,97,ACCEPTED,SPECIES,Plantae,Tracheophyta,Liliopsida,Poales,Poaceae,Digitaria,Digitaria insularis,Digitaria insularis,(L.) Mez ex Ekman,5289938,
Diptera,Diptera,811,EDITED,99,ACCEPTED,ORDER,Animalia,Arthropoda,Insecta,Diptera,,,,Diptera,,811,
Dirinaria,Dirinaria,2609202,EXACT,94,ACCEPTED,GENUS,Fungi,Ascomycota,Lecanoromycetes,Caliciales,Caliciaceae,Dirinaria,,Dirinaria,,2609202,
Disonycha,"Disonycha Chevrolat, 1836",1047297,EXACT,92,ACCEPTED,GENUS,Animalia,Arthropoda,Insecta,Coleoptera,Chrysomelidae,Disonycha,,Disonycha,"Chevrolat, 1836",1047297,
Disonycha spilotrachela,"Disonycha spilotrachela Blake, 1928",1047313,EXACT,99,ACCEPTED,SPECIES,Animalia,Arthropoda,Insecta,Coleoptera,Chrysomelidae,Disonycha,Disonycha spilotrachela,Disonycha spilotrachela,"Blake, 1928",1047313,
Dorymyrmex,"Dorymyrmex Mayr, 1866",1325593,EXACT,94,ACCEPTED,GENUS,Animalia,Arthropoda,Insecta,Hymenoptera,Formicidae,Dorymyrmex,,Dorymyrmex,"Mayr, 1866",1325593,
Drosophila melanogaster,"Drosophila melanogaster Meigen, 1830",5073713,EXACT,99,ACCEPTED,SPECIES,Animalia,Arthropoda,Insecta,Diptera,Drosophilidae,Drosophila,Drosophila melanogaster,Drosophila melanogaster,"Meigen, 1830",5073713,
Drymaria cordata,Drymaria cordata (L.) Willd. ex Schult.,5384509,EXACT,97,ACCEPTED,SPECIES,Plantae,Tracheophyta,Magnoliopsida,Caryophyllales,Caryophyllaceae,Drymaria,Drymaria cordata,Drymaria cordata,(L.) Willd. ex Schult.,5384509,
Duranta vestita,Duranta vestita Cham.,7297701,EXACT,99,ACCEPTED,SPECIES,Plantae,Tracheophyta,Magnoliopsida,Lamiales,Verbenaceae,Duranta,Duranta vestita,Duranta vestita,Cham.,7297701,
Dysdercus,"Dysdercus Guerin-MÃ©neville, 1831",2012168,EXACT,94,ACCEPTED,GENUS,Animalia,Arthropoda,Insecta,Hemiptera,Pyrrhocoridae,Dysdercus,,Dysdercus,"Guerin-MÃ©neville, 1831",2012168,
Dysphania ambrosioides,Dysphania ambrosioides (L.) Mosyakin & Clemants,5568446,EXACT,99,ACCEPTED,SPECIES,Plantae,Tracheophyta,Magnoliopsida,Caryophyllales,Amaranthaceae,Dysphania,Dysphania ambrosioides,Dysphania ambrosioides,(L.) Mosyakin & Clemants,5568446,
Dytiscidae,Dytiscidae,7824,EXACT,94,ACCEPTED,FAMILY,Animalia,Arthropoda,Insecta,Coleoptera,Dytiscidae,,,Dytiscidae,,7824,
Eclipta prostrata,Eclipta prostrata (L.) L.,5384950,EXACT,97,ACCEPTED,SPECIES,Plantae,Tracheophyta,Magnoliopsida,Asterales,Asteraceae,Eclipta,Eclipta prostrata,Eclipta prostrata,(L.) L.,5384950,
Ectatoma,"Ectatomma Smith, 1858",1314135,EDITED,79,ACCEPTED,GENUS,Animalia,Arthropoda,Insecta,Hymenoptera,Formicidae,Ectatomma,,Ectatomma,,1314135,
Ectatomma,"Ectatomma Smith, 1858",1314135,EXACT,94,ACCEPTED,GENUS,Animalia,Arthropoda,Insecta,Hymenoptera,Formicidae,Ectatomma,,Ectatomma,"Smith, 1858",1314135,
Ectatomma permagnum,"Ectatomma permagnum Forel, 1908",1314138,EXACT,99,ACCEPTED,SPECIES,Animalia,Arthropoda,Insecta,Hymenoptera,Formicidae,Ectatomma,Ectatomma permagnum,Ectatomma permagnum,"Forel, 1908",1314138,
Egretta thula,"Egretta thula (Molina, 1782)",2480873,EXACT,99,ACCEPTED,SPECIES,Animalia,Chordata,Aves,Pelecaniformes,Ardeidae,Egretta,Egretta thula,Egretta thula,"(Molina, 1782)",2480873,
Elaenia flavogaster,"Elaenia flavogaster (Thunberg, 1822)",5229606,EXACT,99,ACCEPTED,SPECIES,Animalia,Chordata,Aves,Passeriformes,Tyrannidae,Elaenia,Elaenia flavogaster,Elaenia flavogaster,"(Thunberg, 1822)",5229606,
Elaenia spectabilis,"Elaenia spectabilis Pelzeln, 1868",5229614,EXACT,99,ACCEPTED,SPECIES,Animalia,Chordata,Aves,Passeriformes,Tyrannidae,Elaenia,Elaenia spectabilis,Elaenia spectabilis,"Pelzeln, 1868",5229614,
Eleocharis,Eleocharis R.Br.,2716791,EXACT,94,ACCEPTED,GENUS,Plantae,Tracheophyta,Liliopsida,Poales,Cyperaceae,Eleocharis,,Eleocharis,R.Br.,2716791,
Eleusine indica,Eleusine indica (L.) Gaertn.,2705953,EXACT,98,ACCEPTED,SPECIES,Plantae,Tracheophyta,Liliopsida,Poales,Poaceae,Eleusine,Eleusine indica,Eleusine indica,(L.) Gaertn.,2705953,
Emilia fosbergii,Emilia fosbergii Nicolson,5401508,EXACT,99,ACCEPTED,SPECIES,Plantae,Tracheophyta,Magnoliopsida,Asterales,Asteraceae,Emilia,Emilia fosbergii,Emilia fosbergii,Nicolson,5401508,
Emilia sonchifolia,Emilia sonchifolia (L.) DC. ex Wight,7376217,EXACT,97,ACCEPTED,SPECIES,Plantae,Tracheophyta,Magnoliopsida,Asterales,Asteraceae,Emilia,Emilia sonchifolia,Emilia sonchifolia,(L.) DC. ex Wight,7376217,
Emillia fosbergii,Emilia fosbergii Nicolson,5401508,FUZZY,85,ACCEPTED,SPECIES,Plantae,Tracheophyta,Magnoliopsida,Asterales,Asteraceae,Emilia,Emilia fosbergii,Emilia fosbergii,Nicolson,5401508,
Empoasca kraemeri,"Empoasca kraemeri Ross & Moore, 1957",5986011,EXACT,99,ACCEPTED,SPECIES,Animalia,Arthropoda,Insecta,Hemiptera,Cicadellidae,Empoasca,Empoasca kraemeri,Empoasca kraemeri,"Ross & Moore, 1957",5986011,
Episyrphus balteatus,"Episyrphus balteatus (De Geer, 1776)",1536449,EXACT,99,ACCEPTED,SPECIES,Animalia,Arthropoda,Insecta,Diptera,Syrphidae,Episyrphus,Episyrphus balteatus,Episyrphus balteatus,"(De Geer, 1776)",1536449,
Erythemis vesiculosa,"Erythemis vesiculosa (Fabricius, 1775)",1429338,EXACT,99,ACCEPTED,SPECIES,Animalia,Arthropoda,Insecta,Odonata,Libellulidae,Erythemis,Erythemis vesiculosa,Erythemis vesiculosa,"(Fabricius, 1775)",1429338,
Estrilda astrid,"Estrilda astrild (Linnaeus, 1758)",2493660,FUZZY,95,ACCEPTED,SPECIES,Animalia,Chordata,Aves,Passeriformes,Estrildidae,Estrilda,Estrilda astrild,Estrilda astrild,"(Linnaeus, 1758)",2493660,
Euglossa,"Euglossa Latreille, 1802",1340556,EXACT,94,ACCEPTED,GENUS,Animalia,Arthropoda,Insecta,Hymenoptera,Apidae,Euglossa,,Euglossa,"Latreille, 1802",1340556,
Eulaema nigrita,"Eulaema nigrita Lepeletier, 1841",1339345,EXACT,99,ACCEPTED,SPECIES,Animalia,Arthropoda,Insecta,Hymenoptera,Apidae,Eulaema,Eulaema nigrita,Eulaema nigrita,"Lepeletier, 1841",1339345,
Eulimnia,"Eulimnia Tonnoir & Malloch, 1928",1444054,EXACT,94,ACCEPTED,GENUS,Animalia,Arthropoda,Insecta,Diptera,Sciomyzidae,Eulimnia,,Eulimnia,"Tonnoir & Malloch, 1928",1444054,
Eupetomena macroura,"Eupetomena macroura (J.F.Gmelin, 1788)",2476667,EXACT,99,ACCEPTED,SPECIES,Animalia,Chordata,Aves,Apodiformes,Trochilidae,Eupetomena,Eupetomena macroura,Eupetomena macroura,"(J.F.Gmelin, 1788)",2476667,
Euphonia chlorotica,"Euphonia chlorotica (Linnaeus, 1766)",2487964,EXACT,99,ACCEPTED,SPECIES,Animalia,Chordata,Aves,Passeriformes,Fringillidae,Euphonia,Euphonia chlorotica,Euphonia chlorotica,"(Linnaeus, 1766)",2487964,
Euphonia violacea,"Euphonia violacea (Linnaeus, 1758)",2487970,EXACT,99,ACCEPTED,SPECIES,Animalia,Chordata,Aves,Passeriformes,Fringillidae,Euphonia,Euphonia violacea,Euphonia violacea,"(Linnaeus, 1758)",2487970,
Euphorbia,Euphorbia L.,11397237,EXACT,92,DOUBTFUL,GENUS,Plantae,Tracheophyta,Magnoliopsida,Malpighiales,Euphorbiaceae,Euphorbia,,Euphorbia,L.,11397237,
Euphorbia dioeca,Euphorbia dioeca Kunth,3065218,EXACT,99,ACCEPTED,SPECIES,Plantae,Tracheophyta,Magnoliopsida,Malpighiales,Euphorbiaceae,Euphorbia,Euphorbia dioeca,Euphorbia dioeca,Kunth,3065218,
Euphorbia graminea,Euphorbia graminea Jacq.,3064170,EXACT,97,ACCEPTED,SPECIES,Plantae,Tracheophyta,Magnoliopsida,Malpighiales,Euphorbiaceae,Euphorbia,Euphorbia graminea,Euphorbia graminea,Jacq.,3064170,
Euphorbia heterophylla,Euphorbia heterophylla L.,3064495,EXACT,97,ACCEPTED,SPECIES,Plantae,Tracheophyta,Magnoliopsida,Malpighiales,Euphorbiaceae,Euphorbia,Euphorbia heterophylla,Euphorbia heterophylla,L.,3064495,
Euphorbia hirta,Euphorbia hirta L.,3068937,EXACT,99,ACCEPTED,SPECIES,Plantae,Tracheophyta,Magnoliopsida,Malpighiales,Euphorbiaceae,Euphorbia,Euphorbia hirta,Euphorbia hirta,L.,3068937,
Euphorbia hyssopifolia,Euphorbia hyssopifolia L.,3065912,EXACT,99,ACCEPTED,SPECIES,Plantae,Tracheophyta,Magnoliopsida,Malpighiales,Euphorbiaceae,Euphorbia,Euphorbia hyssopifolia,Euphorbia hyssopifolia,L.,3065912,
Euphorbia prostrata,Euphorbia prostrata Aiton,3067891,EXACT,97,ACCEPTED,SPECIES,Plantae,Tracheophyta,Magnoliopsida,Malpighiales,Euphorbiaceae,Euphorbia,Euphorbia prostrata,Euphorbia prostrata,Aiton,3067891,
Eupsittula aurea,"Eupsittula aurea (J.F.Gmelin, 1788)",8331425,EXACT,98,SYNONYM,SPECIES,Animalia,Chordata,Aves,Psittaciformes,Psittacidae,Aratinga,Aratinga aurea,Eupsittula aurea,"(J.F.Gmelin, 1788)",8331425,2479121
Evolvulus,Evolvulus L.,2928670,EXACT,94,ACCEPTED,GENUS,Plantae,Tracheophyta,Magnoliopsida,Solanales,Convolvulaceae,Evolvulus,,Evolvulus,L.,2928670,
Evolvulus nummularius,Evolvulus nummularius (L.) L.,2928680,EXACT,99,ACCEPTED,SPECIES,Plantae,Tracheophyta,Magnoliopsida,Solanales,Convolvulaceae,Evolvulus,Evolvulus nummularius,Evolvulus nummularius,(L.) L.,2928680,
Evolvulus nuttallianus,Evolvulus nuttallianus Roem. & Schult.,2928678,EXACT,99,ACCEPTED,SPECIES,Plantae,Tracheophyta,Magnoliopsida,Solanales,Convolvulaceae,Evolvulus,Evolvulus nuttallianus,Evolvulus nuttallianus,Roem. & Schult.,2928678,
Exomalopsis,"Exomalopsis Spinola, 1853",1339543,EXACT,94,ACCEPTED,GENUS,Animalia,Arthropoda,Insecta,Hymenoptera,Apidae,Exomalopsis,,Exomalopsis,"Spinola, 1853",1339543,
Fabacea sp 2,Fabaceae,5386,EDITED,,ACCEPTED,FAMILY,Plantae,Tracheophyta,Magnoliopsida,Fabales,Fabaceae,,,Fabaceae,,,
Fabaceae,Fabaceae,5386,EXACT,96,ACCEPTED,FAMILY,Plantae,Tracheophyta,Magnoliopsida,Fabales,Fabaceae,,,Fabaceae,,5386,
Falco sparverius,"Falco sparverius Linnaeus, 1758",9685907,EXACT,99,ACCEPTED,SPECIES,Animalia,Chordata,Aves,Falconiformes,Falconidae,Falco,Falco sparverius,Falco sparverius,"Linnaeus, 1758",9685907,
Fidicina,"Fidicina Amyot & Audinet-Serville, 1843",4778455,EXACT,94,ACCEPTED,GENUS,Animalia,Arthropoda,Insecta,Hemiptera,Cicadidae,Fidicina,,Fidicina,"Amyot & Audinet-Serville, 1843",4778455,
Fidicini,"Fidicina Amyot & Audinet-Serville, 1843",4778455,EDITED,79,ACCEPTED,GENUS,Animalia,Arthropoda,Insecta,Hemiptera,Cicadidae,Fidicina,,Fidicina,,4778455,
Fluvicola nengeta,"Fluvicola nengeta (Linnaeus, 1766)",5229568,EXACT,99,ACCEPTED,SPECIES,Animalia,Chordata,Aves,Passeriformes,Tyrannidae,Fluvicola,Fluvicola nengeta,Fluvicola nengeta,"(Linnaeus, 1766)",5229568,
Formicidae,Formicidae,4342,EDITED,94,ACCEPTED,FAMILY,Animalia,Arthropoda,Insecta,Hymenoptera,Formicidae,,,Formicidae,,4342,
Formicinae,Formicidae,8674597,EDITED,68,DOUBTFUL,GENUS,Animalia,Arthropoda,Insecta,Hymenoptera,Formicidae,Formicidae,,Formicidae,,8674597,
Formicinea,"Formicina Swainson & Shuckard, 1840",3258269,EDITED,73,SYNONYM,GENUS,Animalia,Arthropoda,Insecta,Hymenoptera,Formicidae,Formica,,Formicina,,3258269,1314840
Fungus,"Fungus Adanson ex O.Kuntze, 1898",2522460,EXACT,92,SYNONYM,GENUS,Fungi,Basidiomycota,Agaricomycetes,Agaricales,Agaricaceae,Agaricus,,Fungus,"Adanson ex O.Kuntze, 1898",2522460,2518646
Furnarius figulus,"Furnarius figulus (Lichtenstein, 1823)",2485827,EXACT,99,ACCEPTED,SPECIES,Animalia,Chordata,Aves,Passeriformes,Furnariidae,Furnarius,Furnarius figulus,Furnarius figulus,"(Lichtenstein, 1823)",2485827,
Furnarius rufus,"Furnarius rufus (Gmelin, 1788)",2485821,EXACT,99,ACCEPTED,SPECIES,Animalia,Chordata,Aves,Passeriformes,Furnariidae,Furnarius,Furnarius rufus,Furnarius rufus,"(Gmelin, 1788)",2485821,
Furrnarius rufus,"Furnarius rufus (Gmelin, 1788)",2485821,FUZZY,85,ACCEPTED,SPECIES,Animalia,Chordata,Aves,Passeriformes,Furnariidae,Furnarius,Furnarius rufus,Furnarius rufus,"(Gmelin, 1788)",2485821,
Galinsoga parviflora,Galinsoga parviflora Cav.,3132570,EXACT,99,ACCEPTED,SPECIES,Plantae,Tracheophyta,Magnoliopsida,Asterales,Asteraceae,Galinsoga,Galinsoga parviflora,Galinsoga parviflora,Cav.,3132570,
Geometridae,Geometridae,6950,EXACT,94,ACCEPTED,FAMILY,Animalia,Arthropoda,Insecta,Lepidoptera,Geometridae,,,Geometridae,,6950,
Gomphrena celosioides,Gomphrena celosioides Mart.,3084911,EXACT,99,ACCEPTED,SPECIES,Plantae,Tracheophyta,Magnoliopsida,Caryophyllales,Amaranthaceae,Gomphrena,Gomphrena celosioides,Gomphrena celosioides,Mart.,3084911,
Gomphrena globosa,Gomphrena globosa L.,3084908,EXACT,99,ACCEPTED,SPECIES,Plantae,Tracheophyta,Magnoliopsida,Caryophyllales,Amaranthaceae,Gomphrena,Gomphrena globosa,Gomphrena globosa,L.,3084908,
Gryllidae,Gryllidae,5925,EXACT,94,ACCEPTED,FAMILY,Animalia,Arthropoda,Insecta,Orthoptera,Gryllidae,,,Gryllidae,,5925,
Gryne,"Gryne Simon, 1879",4661504,EXACT,94,ACCEPTED,GENUS,Animalia,Arthropoda,Arachnida,Opiliones,Cosmetidae,Gryne,,Gryne,"Simon, 1879",4661504,
Guazuma ulmifolia,Guazuma ulmifolia Lam.,3152195,EXACT,98,ACCEPTED,SPECIES,Plantae,Tracheophyta,Magnoliopsida,Malvales,Malvaceae,Guazuma,Guazuma ulmifolia,Guazuma ulmifolia,Lam.,3152195,
Guira guira,"Guira guira (Gmelin, 1788)",2496462,EXACT,99,ACCEPTED,SPECIES,Animalia,Chordata,Aves,Cuculiformes,Cuculidae,Guira,Guira guira,Guira guira,"(Gmelin, 1788)",2496462,
Hamadryas,Hamadryas Comm. ex Juss.,3234346,EDITED,99,ACCEPTED,GENUS,Plantae,Tracheophyta,Magnoliopsida,Ranunculales,Ranunculaceae,Hamadryas,,Hamadryas,,3234346,
Hamadryas amphionome,"Hamadryas amphinome (Linnaeus, 1767)",5129489,FUZZY,95,ACCEPTED,SPECIES,Animalia,Arthropoda,Insecta,Lepidoptera,Nymphalidae,Hamadryas,Hamadryas amphinome,Hamadryas amphinome,"(Linnaeus, 1767)",5129489,
Hamadryas feronia,"Hamadryas feronia (Linnaeus, 1758)",5129496,EXACT,99,ACCEPTED,SPECIES,Animalia,Arthropoda,Insecta,Lepidoptera,Nymphalidae,Hamadryas,Hamadryas feronia,Hamadryas feronia,"(Linnaeus, 1758)",5129496,
Heliconius erato phillys,"Heliconius erato (Linnaeus, 1758)",1900872,HIGHERRANK,99,ACCEPTED,SPECIES,Animalia,Arthropoda,Insecta,Lepidoptera,Nymphalidae,Heliconius,Heliconius erato,Heliconius erato,"(Linnaeus, 1758)",1900872,
Heliconius erato phylllis,"Heliconius erato (Linnaeus, 1758)",1900872,HIGHERRANK,99,ACCEPTED,SPECIES,Animalia,Arthropoda,Insecta,Lepidoptera,Nymphalidae,Heliconius,Heliconius erato,Heliconius erato,"(Linnaeus, 1758)",1900872,
Heliocarpus,Heliocarpus L.,3152062,EXACT,94,ACCEPTED,GENUS,Plantae,Tracheophyta,Magnoliopsida,Malvales,Malvaceae,Heliocarpus,,Heliocarpus,L.,3152062,
Heliocarpus terebinthinaceus,Heliocarpus terebinthinaceus (DC.) Hochr.,4261412,EXACT,99,ACCEPTED,SPECIES,Plantae,Tracheophyta,Magnoliopsida,Malvales,Malvaceae,Heliocarpus,Heliocarpus terebinthinaceus,Heliocarpus terebinthinaceus,(DC.) Hochr.,4261412,
Hemiargus hanno,"Hemiargus hanno (Stoll, 1790)",1927996,EXACT,99,ACCEPTED,SPECIES,Animalia,Arthropoda,Insecta,Lepidoptera,Lycaenidae,Hemiargus,Hemiargus hanno,Hemiargus hanno,"(Stoll, 1790)",1927996,
Hemidactylus mabouia,"Hemidactylus mabouia (Moreau De JonnÃ¨s, 1818)",5959942,EXACT,99,ACCEPTED,SPECIES,Animalia,Chordata,Squamata,,Gekkonidae,Hemidactylus,Hemidactylus mabouia,Hemidactylus mabouia,"(Moreau De JonnÃ¨s, 1818)",5959942,
Heteroptera,"Heteroptera Macquart, 1835",3264953,EXACT,93,SYNONYM,GENUS,Animalia,Arthropoda,Insecta,Diptera,Sphaeroceridae,Coproica,,Heteroptera,"Macquart, 1835",3264953,1588281
Hymenoptera,Hymenoptera,1457,EXACT,94,ACCEPTED,ORDER,Animalia,Arthropoda,Insecta,Hymenoptera,,,,Hymenoptera,,1457,
Indigofera,Indigofera L.,2971355,EXACT,94,ACCEPTED,GENUS,Plantae,Tracheophyta,Magnoliopsida,Fabales,Fabaceae,Indigofera,,Indigofera,L.,2971355,
Indigofera hirsuta,Indigofera hirsuta L.,2972082,EXACT,98,ACCEPTED,SPECIES,Plantae,Tracheophyta,Magnoliopsida,Fabales,Fabaceae,Indigofera,Indigofera hirsuta,Indigofera hirsuta,L.,2972082,
Indigofera suffruticosa,Indigofera suffruticosa Mill.,2971774,EXACT,97,ACCEPTED,SPECIES,Plantae,Tracheophyta,Magnoliopsida,Fabales,Fabaceae,Indigofera,Indigofera suffruticosa,Indigofera suffruticosa,Mill.,2971774,
Ipomea,Ipomea All.,3679012,EXACT,92,DOUBTFUL,GENUS,Plantae,Tracheophyta,Magnoliopsida,Solanales,Convolvulaceae,Ipomea,,Ipomea,All.,3679012,
Ipomoea,Ipomoea L.,2928509,EXACT,94,ACCEPTED,GENUS,Plantae,Tracheophyta,Magnoliopsida,Solanales,Convolvulaceae,Ipomoea,,Ipomoea,L.,2928509,
Isoptera,Blattodea,800,EDITED,,ACCEPTED,ORDER,Animalia,Arthropoda,Insecta,Blattodea,,,,Blattodea,,,
Juliformia,Julidae,4012,EDITED,,ACCEPTED,FAMILY,Animalia,Arthropoda,Diplopoda,Julida,Julidae,,,Julidae,,,
Junonia evarete,"Junonia evarete Cramer, 1782",5130528,EXACT,99,ACCEPTED,SPECIES,Animalia,Arthropoda,Insecta,Lepidoptera,Nymphalidae,Junonia,Junonia evarete,Junonia evarete,"Cramer, 1782",5130528,
Lagria villosa,"Lagria villosa (Fabricius, 1781)",10136799,EXACT,99,ACCEPTED,SPECIES,Animalia,Arthropoda,Insecta,Coleoptera,Tenebrionidae,Lagria,Lagria villosa,Lagria villosa,"(Fabricius, 1781)",10136799,
Lantana camara,Lantana camara L.,2925303,EXACT,99,ACCEPTED,SPECIES,Plantae,Tracheophyta,Magnoliopsida,Lamiales,Verbenaceae,Lantana,Lantana camara,Lantana camara,L.,2925303,
Lentinus,Lentinus Fr.,2526675,EXACT,94,ACCEPTED,GENUS,Fungi,Basidiomycota,Agaricomycetes,Polyporales,Polyporaceae,Lentinus,,Lentinus,Fr.,2526675,
Lentinus crinitus,Lentinus crinitus (L.) Fr.,2545315,EXACT,99,ACCEPTED,SPECIES,Fungi,Basidiomycota,Agaricomycetes,Polyporales,Polyporaceae,Lentinus,Lentinus crinitus,Lentinus crinitus,(L.) Fr.,2545315,
Leonurus sibiricus,Leonurus sibiricus L.,5341392,EXACT,97,ACCEPTED,SPECIES,Plantae,Tracheophyta,Magnoliopsida,Lamiales,Lamiaceae,Leonurus,Leonurus sibiricus,Leonurus sibiricus,L.,5341392,
Lepidium virginicum,Lepidium virginicum L.,5376648,EXACT,98,ACCEPTED,SPECIES,Plantae,Tracheophyta,Magnoliopsida,Brassicales,Brassicaceae,Lepidium,Lepidium virginicum,Lepidium virginicum,L.,5376648,
Lepidoptera,Lepidoptera,797,EXACT,94,ACCEPTED,ORDER,Animalia,Arthropoda,Insecta,Lepidoptera,,,,Lepidoptera,,797,
Leucaena leucocephala,Leucaena leucocephala (Lam.) de Wit,2970418,EXACT,97,ACCEPTED,SPECIES,Plantae,Tracheophyta,Magnoliopsida,Fabales,Fabaceae,Leucaena,Leucaena leucocephala,Leucaena leucocephala,(Lam.) de Wit,2970418,
Leucauge argyra,"Leucauge argyra (Walckenaer, 1841)",2151507,EXACT,99,ACCEPTED,SPECIES,Animalia,Arthropoda,Arachnida,Araneae,Tetragnathidae,Leucauge,Leucauge argyra,Leucauge argyra,"(Walckenaer, 1841)",2151507,
Leucema,Leucaena Benth.,2970337,EDITED,,ACCEPTED,GENUS,Plantae,Tracheophyta,Magnoliopsida,Fabales,Fabaceae,Leucaena,,Leucaena,Benth.,,
Lucilia,Lucilia Cass.,3092724,EDITED,99,ACCEPTED,GENUS,Plantae,Tracheophyta,Magnoliopsida,Asterales,Asteraceae,Lucilia,,Lucilia,,3092724,
Lycogala,"Lycogala Adanson, 1763",8102944,EXACT,92,ACCEPTED,GENUS,Protozoa,Mycetozoa,Myxomycetes,Cribrariales,Tubiferaceae,Lycogala,,Lycogala,"Adanson, 1763",8102944,
Lycosidae,Lycosidae,3417,EXACT,94,ACCEPTED,FAMILY,Animalia,Arthropoda,Arachnida,Araneae,Lycosidae,,,Lycosidae,,3417,
Lycosinae,Lycosidae,3417,EDITED,77,ACCEPTED,FAMILY,Animalia,Arthropoda,Arachnida,Araneae,Lycosidae,,,Lycosidae,,3417,
Machertonis rixosa,"Machetornis rixosa (Vieillot, 1819)",2482934,EDITED,75,ACCEPTED,SPECIES,Animalia,Chordata,Aves,Passeriformes,Tyrannidae,Machetornis,Machetornis rixosa,Machetornis rixosa,,2482934,
Machetornis rixosa,"Machetornis rixosa (Vieillot, 1819)",2482934,EXACT,99,ACCEPTED,SPECIES,Animalia,Chordata,Aves,Passeriformes,Tyrannidae,Machetornis,Machetornis rixosa,Machetornis rixosa,"(Vieillot, 1819)",2482934,
Macroptilium atropurpereum,Macroptilium atropurpureum (DC.) Urb.,2945047,FUZZY,95,ACCEPTED,SPECIES,Plantae,Tracheophyta,Magnoliopsida,Fabales,Fabaceae,Macroptilium,Macroptilium atropurpureum,Macroptilium atropurpureum,(DC.) Urb.,2945047,
Macroptilium atropurpureum,Macroptilium atropurpureum (DC.) Urb.,2945047,EXACT,99,ACCEPTED,SPECIES,Plantae,Tracheophyta,Magnoliopsida,Fabales,Fabaceae,Macroptilium,Macroptilium atropurpureum,Macroptilium atropurpureum,(DC.) Urb.,2945047,
Malvacae,Malvaceae,6685,EDITED,79,ACCEPTED,FAMILY,Plantae,Tracheophyta,Magnoliopsida,Malvales,Malvaceae,,,Malvaceae,,6685,
Malvaceae,Malvaceae,6685,EXACT,96,ACCEPTED,FAMILY,Plantae,Tracheophyta,Magnoliopsida,Malvales,Malvaceae,,,Malvaceae,,6685,
Mechanitis polymnia,"Mechanitis polymnia (Linnaeus, 1758)",1902479,EXACT,99,ACCEPTED,SPECIES,Animalia,Arthropoda,Insecta,Lepidoptera,Nymphalidae,Mechanitis,Mechanitis polymnia,Mechanitis polymnia,"(Linnaeus, 1758)",1902479,
Megarynchus pitangua,"Megarynchus pitangua (Linnaeus, 1766)",2483410,EXACT,99,ACCEPTED,SPECIES,Animalia,Chordata,Aves,Passeriformes,Tyrannidae,Megarynchus,Megarynchus pitangua,Megarynchus pitangua,"(Linnaeus, 1766)",2483410,
Menemerus bivittatus,"Menemerus bivittatus (Dufour, 1831)",2169064,EXACT,99,ACCEPTED,SPECIES,Animalia,Arthropoda,Arachnida,Araneae,Salticidae,Menemerus,Menemerus bivittatus,Menemerus bivittatus,"(Dufour, 1831)",2169064,
Mimosa pudica,Mimosa pudica L.,2969284,EXACT,98,ACCEPTED,SPECIES,Plantae,Tracheophyta,Magnoliopsida,Fabales,Fabaceae,Mimosa,Mimosa pudica,Mimosa pudica,L.,2969284,
Mimus saturninus,"Mimus saturninus (Lichtenstein, 1823)",5231675,EXACT,99,ACCEPTED,SPECIES,Animalia,Chordata,Aves,Passeriformes,Mimidae,Mimus,Mimus saturninus,Mimus saturninus,"(Lichtenstein, 1823)",5231675,
Mirabilis jalapa,Mirabilis jalapa L.,3086240,EXACT,99,ACCEPTED,SPECIES,Plantae,Tracheophyta,Magnoliopsida,Caryophyllales,Nyctaginaceae,Mirabilis,Mirabilis jalapa,Mirabilis jalapa,L.,3086240,
Molothrus,"Molothrus Swainson, 1832",2484385,EXACT,94,ACCEPTED,GENUS,Animalia,Chordata,Aves,Passeriformes,Icteridae,Molothrus,,Molothrus,"Swainson, 1832",2484385,
Molothrus bonariensis,"Molothrus bonariensis (Gmelin, 1789)",2484396,EXACT,99,ACCEPTED,SPECIES,Animalia,Chordata,Aves,Passeriformes,Icteridae,Molothrus,Molothrus bonariensis,Molothrus bonariensis,"(Gmelin, 1789)",2484396,
Moringa oleifera,Moringa oleifera Lam.,3054181,EXACT,97,ACCEPTED,SPECIES,Plantae,Tracheophyta,Magnoliopsida,Brassicales,Moringaceae,Moringa,Moringa oleifera,Moringa oleifera,Lam.,3054181,
Mormodica charantia,Momordica charantia L.,2874581,EDITED,,ACCEPTED,SPECIES,Plantae,Tracheophyta,Magnoliopsida,Cucurbitales,Cucurbitaceae,Momordica,Momordica charantia,Momordica charantia,,2874581,
Murraya paniculata,Murraya paniculata (L.) Jacq.,8190743,EXACT,97,ACCEPTED,SPECIES,Plantae,Tracheophyta,Magnoliopsida,Sapindales,Rutaceae,Murraya,Murraya paniculata,Murraya paniculata,(L.) Jacq.,8190743,
Myiozetetes similis,"Myiozetetes similis (Spix, 1825)",2482913,EXACT,99,ACCEPTED,SPECIES,Animalia,Chordata,Aves,Passeriformes,Tyrannidae,Myiozetetes,Myiozetetes similis,Myiozetetes similis,"(Spix, 1825)",2482913,
Nannotrigona testaceicornes,"Nannotrigona testaceicornis (Lepeletier, 1836)",1344754,FUZZY,95,ACCEPTED,SPECIES,Animalia,Arthropoda,Insecta,Hymenoptera,Apidae,Nannotrigona,Nannotrigona testaceicornis,Nannotrigona testaceicornis,"(Lepeletier, 1836)",1344754,
Nemosia pileata,"Nemosia pileata (Boddaert, 1783)",5230589,EXACT,99,ACCEPTED,SPECIES,Animalia,Chordata,Aves,Passeriformes,Thraupidae,Nemosia,Nemosia pileata,Nemosia pileata,"(Boddaert, 1783)",5230589,
Neolochmaea dilatipennis,"Neolochmaea dilatipennis (Jacoby, 1886)",1049382,EXACT,99,ACCEPTED,SPECIES,Animalia,Arthropoda,Insecta,Coleoptera,Chrysomelidae,Neolochmaea,Neolochmaea dilatipennis,Neolochmaea dilatipennis,"(Jacoby, 1886)",1049382,
Neoponera,"Neoponera Emery, 1901",4674010,EXACT,94,ACCEPTED,GENUS,Animalia,Arthropoda,Insecta,Hymenoptera,Formicidae,Neoponera,,Neoponera,"Emery, 1901",4674010,
Neoponera foetida,"Neoponera foetida (Linnaeus, 1758)",9531202,EXACT,98,SYNONYM,SPECIES,Animalia,Arthropoda,Insecta,Hymenoptera,Formicidae,Pachycondyla,Pachycondyla foetida,Neoponera foetida,"(Linnaeus, 1758)",9531202,1319799
Nephilingis cruentata,"Nephilingis cruentata (Fabricius, 1775)",8264893,EXACT,99,ACCEPTED,SPECIES,Animalia,Arthropoda,Arachnida,Araneae,Araneidae,Nephilingis,Nephilingis cruentata,Nephilingis cruentata,"(Fabricius, 1775)",8264893,
Notiochelidon cyanoleuca,"Notiochelidon cyanoleuca (Vieillot, 1817)",2489208,EXACT,99,ACCEPTED,SPECIES,Animalia,Chordata,Aves,Passeriformes,Hirundinidae,Notiochelidon,Notiochelidon cyanoleuca,Notiochelidon cyanoleuca,"(Vieillot, 1817)",2489208,
Odonata,Odonata,789,EXACT,94,ACCEPTED,ORDER,Animalia,Arthropoda,Insecta,Odonata,,,,Odonata,,789,
Ophurella,"Ophrella Middlekauff, 1985",4676771,EDITED,74,ACCEPTED,GENUS,Animalia,Arthropoda,Insecta,Hymenoptera,Orussidae,Ophrella,,Ophrella,,4676771,
Orphulella,"Orphulella Giglio-Tos, 1894",1704671,EXACT,94,ACCEPTED,GENUS,Animalia,Arthropoda,Insecta,Orthoptera,Acrididae,Orphulella,,Orphulella,"Giglio-Tos, 1894",1704671,
Orphulella punctata,"Ophraella Wilcox, 1965",1049311,EDITED,,ACCEPTED,GENUS,Animalia,Arthropoda,Insecta,Coleoptera,Chrysomelidae,Ophraella,,Ophraella,"Wilcox, 1965",,
Orphurella punctata,"Orphulella punctata (De Geer, 1773)",1704724,FUZZY,85,ACCEPTED,SPECIES,Animalia,Arthropoda,Insecta,Orthoptera,Acrididae,Orphulella,Orphulella punctata,Orphulella punctata,"(De Geer, 1773)",1704724,
Oxalis barrelieri,Oxalis barrelieri L.,2891750,EXACT,97,ACCEPTED,SPECIES,Plantae,Tracheophyta,Magnoliopsida,Oxalidales,Oxalidaceae,Oxalis,Oxalis barrelieri,Oxalis barrelieri,L.,2891750,
Oxalis corniculata,Oxalis corniculata L.,8427624,EXACT,99,ACCEPTED,SPECIES,Plantae,Tracheophyta,Magnoliopsida,Oxalidales,Oxalidaceae,Oxalis,Oxalis corniculata,Oxalis corniculata,L.,8427624,
Oxalis latifolia,Oxalis latifolia Kunth,2891755,EXACT,97,ACCEPTED,SPECIES,Plantae,Tracheophyta,Magnoliopsida,Oxalidales,Oxalidaceae,Oxalis,Oxalis latifolia,Oxalis latifolia,Kunth,2891755,
Oxidus gracilis,"Oxidus gracilis (C.L.Koch, 1847)",1017419,EXACT,99,ACCEPTED,SPECIES,Animalia,Arthropoda,Diplopoda,Polydesmida,Paradoxosomatidae,Oxidus,Oxidus gracilis,Oxidus gracilis,"(C.L.Koch, 1847)",1017419,
Oxyloma,"Oxyloma Westerlund, 1885",7921295,EDITED,,ACCEPTED,GENUS,Animalia,Mollusca,Gastropoda,Stylommatophora,Succineidae,Oxyloma,,Oxyloma,"Westerlund, 1885",,
Pachyramphus polychopterus,"Pachyramphus polychopterus (Vieillot, 1818)",5230363,EXACT,99,ACCEPTED,SPECIES,Animalia,Chordata,Aves,Passeriformes,Cotingidae,Pachyramphus,Pachyramphus polychopterus,Pachyramphus polychopterus,"(Vieillot, 1818)",5230363,
Palpada,"Palpada Macquart, 1834",1533295,EXACT,94,ACCEPTED,GENUS,Animalia,Arthropoda,Insecta,Diptera,Syrphidae,Palpada,,Palpada,"Macquart, 1834",1533295,
Palpada mexicana,"Palpada mexicana (Macquart, 1847)",1533359,EXACT,99,ACCEPTED,SPECIES,Animalia,Arthropoda,Insecta,Diptera,Syrphidae,Palpada,Palpada mexicana,Palpada mexicana,"(Macquart, 1847)",1533359,
Panicum maximum,"Panicum maximum Nees, 1841",7562245,EXACT,97,ACCEPTED,SPECIES,Plantae,Tracheophyta,Liliopsida,Poales,Poaceae,Panicum,Panicum maximum,Panicum maximum,"Nees, 1841",7562245,
Pannus shigelluss,,,EDITED,,,,,,,,,,,,,,
Papilio thoas,"Papilio thoas Linnaeus, 1771",1937885,EXACT,99,ACCEPTED,SPECIES,Animalia,Arthropoda,Insecta,Lepidoptera,Papilionidae,Papilio,Papilio thoas,Papilio thoas,"Linnaeus, 1771",1937885,
Parthenium hysterophorus,Parthenium hysterophorus L.,3086784,EXACT,98,ACCEPTED,SPECIES,Plantae,Tracheophyta,Magnoliopsida,Asterales,Asteraceae,Parthenium,Parthenium hysterophorus,Parthenium hysterophorus,L.,3086784,
Passer,"Passer Brisson, 1760",2492321,EDITED,92,ACCEPTED,GENUS,Animalia,Chordata,Aves,Passeriformes,Passeridae,Passer,,Passer,,2492321,
Passer domesticus,"Passer domesticus (Linnaeus, 1758)",5231190,EXACT,99,ACCEPTED,SPECIES,Animalia,Chordata,Aves,Passeriformes,Passeridae,Passer,Passer domesticus,Passer domesticus,"(Linnaeus, 1758)",5231190,
Patagioenas picaruzo,"Patagioenas picazuro (Temminck, 1813)",2495287,FUZZY,93,ACCEPTED,SPECIES,Animalia,Chordata,Aves,Columbiformes,Columbidae,Patagioenas,Patagioenas picazuro,Patagioenas picazuro,"(Temminck, 1813)",2495287,
Patagioenas picazuro,"Patagioenas picazuro (Temminck, 1813)",2495287,EXACT,99,ACCEPTED,SPECIES,Animalia,Chordata,Aves,Columbiformes,Columbidae,Patagioenas,Patagioenas picazuro,Patagioenas picazuro,"(Temminck, 1813)",2495287,
Pentatomidae,Pentatomidae,9650,EXACT,94,ACCEPTED,FAMILY,Animalia,Arthropoda,Insecta,Hemiptera,Pentatomidae,,,Pentatomidae,,9650,
Pepsis,"Pepsis Fabricius, 1805",1346073,EXACT,94,ACCEPTED,GENUS,Animalia,Arthropoda,Insecta,Hymenoptera,Pompilidae,Pepsis,,Pepsis,"Fabricius, 1805",1346073,
Phoebis,"Phoebis HÃ¼bner, 1819",1919645,EXACT,94,ACCEPTED,GENUS,Animalia,Arthropoda,Insecta,Lepidoptera,Pieridae,Phoebis,,Phoebis,"HÃ¼bner, 1819",1919645,
Phyllanthus tenellus,Phyllanthus tenellus Roxb.,5381097,EXACT,97,ACCEPTED,SPECIES,Plantae,Tracheophyta,Magnoliopsida,Malpighiales,Phyllanthaceae,Phyllanthus,Phyllanthus tenellus,Phyllanthus tenellus,Roxb.,5381097,
Picumnus cirratus,"Picumnus cirratus Temminck, 1825",9587550,EXACT,99,ACCEPTED,SPECIES,Animalia,Chordata,Aves,Piciformes,Picidae,Picumnus,Picumnus cirratus,Picumnus cirratus,"Temminck, 1825",9587550,
Pilea microphylla,Pilea microphylla (L.) Liebm.,5361841,EXACT,97,ACCEPTED,SPECIES,Plantae,Tracheophyta,Magnoliopsida,Rosales,Urticaceae,Pilea,Pilea microphylla,Pilea microphylla,(L.) Liebm.,5361841,
Piperacea,Piperaceae,6678,EDITED,79,ACCEPTED,FAMILY,Plantae,Tracheophyta,Magnoliopsida,Piperales,Piperaceae,,,Piperaceae,,6678,
Pitangus sulphuratus,"Pitangus sulphuratus (Linnaeus, 1766)",2482755,EXACT,99,ACCEPTED,SPECIES,Animalia,Chordata,Aves,Passeriformes,Tyrannidae,Pitangus,Pitangus sulphuratus,Pitangus sulphuratus,"(Linnaeus, 1766)",2482755,
Pitangus suphuratus,"Pitangus sulphuratus (Linnaeus, 1766)",2482755,EDITED,15,ACCEPTED,SPECIES,Animalia,Chordata,Aves,Passeriformes,Tyrannidae,Pitangus,Pitangus sulphuratus,Pitangus sulphuratus,,2482755,
Plantago major,Plantago major L.,3189767,EXACT,97,ACCEPTED,SPECIES,Plantae,Tracheophyta,Magnoliopsida,Lamiales,Plantaginaceae,Plantago,Plantago major,Plantago major,L.,3189767,
Pleurotus djamor,Pleurotus djamor (Rumph. ex Fr.) Boedijn,2526599,EXACT,99,ACCEPTED,SPECIES,Fungi,Basidiomycota,Agaricomycetes,Agaricales,Pleurotaceae,Pleurotus,Pleurotus djamor,Pleurotus djamor,(Rumph. ex Fr.) Boedijn,2526599,
Polistes,"Polistes Latreille, 1802",1310500,EXACT,94,ACCEPTED,GENUS,Animalia,Arthropoda,Insecta,Hymenoptera,Eumenidae,Polistes,,Polistes,"Latreille, 1802",1310500,
Polistes lanio,"Polistes lanio (Fabricius, 1775)",1310648,EXACT,99,ACCEPTED,SPECIES,Animalia,Arthropoda,Insecta,Hymenoptera,Eumenidae,Polistes,Polistes lanio,Polistes lanio,"(Fabricius, 1775)",1310648,
Polybia,"Polybia Lepeletier de Saint Fargeau, 1836",7235975,EXACT,94,ACCEPTED,GENUS,Animalia,Arthropoda,Insecta,Hymenoptera,Eumenidae,Polybia,,Polybia,"Lepeletier de Saint Fargeau, 1836",7235975,
Portulaca,Portulaca L.,3084696,EXACT,94,ACCEPTED,GENUS,Plantae,Tracheophyta,Magnoliopsida,Caryophyllales,Portulacaceae,Portulaca,,Portulaca,L.,3084696,
Portulaca oleracea,Portulaca oleracea L.,3084719,EXACT,99,ACCEPTED,SPECIES,Plantae,Tracheophyta,Magnoliopsida,Caryophyllales,Portulacaceae,Portulaca,Portulaca oleracea,Portulaca oleracea,L.,3084719,
Priva lappulacea,Priva lappulacea (L.) Pers.,2925547,EXACT,99,ACCEPTED,SPECIES,Plantae,Tracheophyta,Magnoliopsida,Lamiales,Verbenaceae,Priva,Priva lappulacea,Priva lappulacea,(L.) Pers.,2925547,
Priva lappulacea,Priva lappulacea (L.) Pers.,2925547,FUZZY,95,ACCEPTED,SPECIES,Plantae,Tracheophyta,Magnoliopsida,Lamiales,Verbenaceae,Priva,Priva lappulacea,Priva lappulacea,(L.) Pers.,2925547,
Progne tapera,"Progne tapera (Linnaeus, 1766)",2489136,EXACT,99,ACCEPTED,SPECIES,Animalia,Chordata,Aves,Passeriformes,Hirundinidae,Progne,Progne tapera,Progne tapera,"(Linnaeus, 1766)",2489136,
Psathyrellaceae,Psathyrellaceae,4184,EXACT,96,ACCEPTED,FAMILY,Fungi,Basidiomycota,Agaricomycetes,Agaricales,Psathyrellaceae,,,Psathyrellaceae,,4184,
Pseudomyrmex,"Pseudomyrmex Lund, 1831",1327003,EXACT,94,ACCEPTED,GENUS,Animalia,Arthropoda,Insecta,Hymenoptera,Formicidae,Pseudomyrmex,,Pseudomyrmex,"Lund, 1831",1327003,
Pseudoseisura cristata,"Pseudoseisura cristata (Spix, 1824)",2485852,EXACT,99,ACCEPTED,SPECIES,Animalia,Chordata,Aves,Passeriformes,Furnariidae,Pseudoseisura,Pseudoseisura cristata,Pseudoseisura cristata,"(Spix, 1824)",2485852,
Psidium guajava,Psidium guajava L.,5420380,EXACT,99,ACCEPTED,SPECIES,Plantae,Tracheophyta,Magnoliopsida,Myrtales,Myrtaceae,Psidium,Psidium guajava,Psidium guajava,L.,5420380,
Ptagioenas picazuro,"Patagioenas picazuro (Temminck, 1813)",2495287,EDITED,,ACCEPTED,SPECIES,Animalia,Chordata,Aves,Columbiformes,Columbidae,Patagioenas,Patagioenas picazuro,Patagioenas picazuro,,2495287,
Pteris,Pteris L.,2651676,EXACT,92,ACCEPTED,GENUS,Plantae,Tracheophyta,Polypodiopsida,Polypodiales,Pteridaceae,Pteris,,Pteris,L.,2651676,
Pycnosceluas surinamensis,"Pycnoscelus surinamensis (Linnaeus, 1758)",1994767,FUZZY,85,ACCEPTED,SPECIES,Animalia,Arthropoda,Insecta,Blattodea,Blaberidae,Pycnoscelus,Pycnoscelus surinamensis,Pycnoscelus surinamensis,"(Linnaeus, 1758)",1994767,
Pycnoscelus surinamensis,"Pycnoscelus surinamensis (Linnaeus, 1758)",1994767,EXACT,99,ACCEPTED,SPECIES,Animalia,Arthropoda,Insecta,Blattodea,Blaberidae,Pycnoscelus,Pycnoscelus surinamensis,Pycnoscelus surinamensis,"(Linnaeus, 1758)",1994767,
Pygochelidon cyanoleuca,"Pygochelidon cyanoleuca (Vieillot, 1817)",2489207,EXACT,98,SYNONYM,SPECIES,Animalia,Chordata,Aves,Passeriformes,Hirundinidae,Notiochelidon,Notiochelidon cyanoleuca,Pygochelidon cyanoleuca,"(Vieillot, 1817)",2489207,2489208
Quesada gigas,"Quesada gigas (Olivier, 1790)",8226593,EXACT,99,ACCEPTED,SPECIES,Animalia,Arthropoda,Insecta,Hemiptera,Cicadidae,Quesada,Quesada gigas,Quesada gigas,"(Olivier, 1790)",8226593,
Ramalina,"Ramalina Ach., 1809",2521975,EXACT,94,ACCEPTED,GENUS,Fungi,Ascomycota,Lecanoromycetes,Lecanorales,Ramalinaceae,Ramalina,,Ramalina,"Ach., 1809",2521975,
Ramalina complanata,"Ramalina complanata (Sw.) Ach., 1810",2608089,EXACT,98,ACCEPTED,SPECIES,Fungi,Ascomycota,Lecanoromycetes,Lecanorales,Ramalinaceae,Ramalina,Ramalina complanata,Ramalina complanata,"(Sw.) Ach., 1810",2608089,
Ramphastidae,Ramphastidae,9343,EXACT,94,ACCEPTED,FAMILY,Animalia,Chordata,Aves,Piciformes,Ramphastidae,,,Ramphastidae,,9343,
Rhipsalis,Rhipsalis Gaertn.,3084035,EXACT,94,ACCEPTED,GENUS,Plantae,Tracheophyta,Magnoliopsida,Caryophyllales,Cactaceae,Rhipsalis,,Rhipsalis,Gaertn.,3084035,
Rhipsalis lindbergiana,Rhipsalis lindbergiana Salm-Dyck ex Pfeiff.,7280991,EXACT,97,ACCEPTED,SPECIES,Plantae,Tracheophyta,Magnoliopsida,Caryophyllales,Cactaceae,Rhipsalis,Rhipsalis lindbergiana,Rhipsalis lindbergiana,Salm-Dyck ex Pfeiff.,7280991,
Richardia brasiliensis,Richardia brasiliensis Gomes,5337499,EXACT,99,ACCEPTED,SPECIES,Plantae,Tracheophyta,Magnoliopsida,Gentianales,Rubiaceae,Richardia,Richardia brasiliensis,Richardia brasiliensis,Gomes,5337499,
Ricinus communis,Ricinus communis L.,5380041,EXACT,99,ACCEPTED,SPECIES,Plantae,Tracheophyta,Magnoliopsida,Malpighiales,Euphorbiaceae,Ricinus,Ricinus communis,Ricinus communis,L.,5380041,
Rivina humilis,Rivina humilis L.,3084027,EXACT,99,ACCEPTED,SPECIES,Plantae,Tracheophyta,Magnoliopsida,Caryophyllales,Phytolaccaceae,Rivina,Rivina humilis,Rivina humilis,L.,3084027,
Rostrhamus sociabilis,"Rostrhamus sociabilis (Vieillot, 1817)",2480415,EXACT,99,ACCEPTED,SPECIES,Animalia,Chordata,Aves,Accipitriformes,Accipitridae,Rostrhamus,Rostrhamus sociabilis,Rostrhamus sociabilis,"(Vieillot, 1817)",2480415,
Ruelia blechum,Ruellia blechum L.,5415469,FUZZY,85,ACCEPTED,SPECIES,Plantae,Tracheophyta,Magnoliopsida,Lamiales,Acanthaceae,Ruellia,Ruellia blechum,Ruellia blechum,L.,5415469,
Ruellia,Ruellia Plum. ex L.,3171840,EXACT,94,ACCEPTED,GENUS,Plantae,Tracheophyta,Magnoliopsida,Lamiales,Acanthaceae,Ruellia,,Ruellia,Plum. ex L.,3171840,
Ruellia blechum,Ruellia blechum L.,5415469,EXACT,99,ACCEPTED,SPECIES,Plantae,Tracheophyta,Magnoliopsida,Lamiales,Acanthaceae,Ruellia,Ruellia blechum,Ruellia blechum,L.,5415469,
Ruellia paniculata,Ruellia paniculata L.,5573547,EXACT,97,ACCEPTED,SPECIES,Plantae,Tracheophyta,Magnoliopsida,Lamiales,Acanthaceae,Ruellia,Ruellia paniculata,Ruellia paniculata,L.,5573547,
Rupornis magnirostris,"Rupornis magnirostris (Gmelin, 1788)",5844398,EXACT,99,ACCEPTED,SPECIES,Animalia,Chordata,Aves,Accipitriformes,Accipitridae,Rupornis,Rupornis magnirostris,Rupornis magnirostris,"(Gmelin, 1788)",5844398,
Salticidae,Salticidae,5644,EXACT,94,ACCEPTED,FAMILY,Animalia,Arthropoda,Arachnida,Araneae,Salticidae,,,Salticidae,,5644,
Salvator merianae,"Salvator merianae DumÃ©ril & Bibron, 1839",5227370,EXACT,99,ACCEPTED,SPECIES,Animalia,Chordata,Squamata,,Teiidae,Salvator,Salvator merianae,Salvator merianae,"DumÃ©ril & Bibron, 1839",5227370,
Sarasinula plebeia,"Sarasinula plebeia (P.Fischer, 1868)",2293772,EXACT,99,ACCEPTED,SPECIES,Animalia,Mollusca,Gastropoda,Systellommatophora,Veronicellidae,Sarasinula,Sarasinula plebeia,Sarasinula plebeia,"(P.Fischer, 1868)",2293772,
Sarcophaga,"Sarcophaga Meigen, 1826",1463100,EXACT,92,ACCEPTED,GENUS,Animalia,Arthropoda,Insecta,Diptera,Sarcophagidae,Sarcophaga,,Sarcophaga,"Meigen, 1826",1463100,
Sarcophoga,"Sarcophaga Meigen, 1826",1463100,EDITED,74,ACCEPTED,GENUS,Animalia,Arthropoda,Insecta,Diptera,Sarcophagidae,Sarcophaga,,Sarcophaga,,1463100,
Schefflera actinophylla,Schefflera actinophylla (Endl.) Harms,3038546,EXACT,98,SYNONYM,SPECIES,Plantae,Tracheophyta,Magnoliopsida,Apiales,Araliaceae,Heptapleurum,Heptapleurum actinophyllum,Schefflera actinophylla,(Endl.) Harms,3038546,11008739
Schinus terebinthifolia,Schinus terebinthifolia Raddi,3660419,EXACT,99,ACCEPTED,SPECIES,Plantae,Tracheophyta,Magnoliopsida,Sapindales,Anacardiaceae,Schinus,Schinus terebinthifolia,Schinus terebinthifolia,Raddi,3660419,
Scinax fuscovarius,"Scinax fuscovarius (Lutz, 1925)",5217858,EXACT,99,ACCEPTED,SPECIES,Animalia,Chordata,Amphibia,Anura,Hylidae,Scinax,Scinax fuscovarius,Scinax fuscovarius,"(Lutz, 1925)",5217858,
Sesuvium portulacastrum,Sesuvium portulacastrum (L.) L.,3084883,EXACT,99,ACCEPTED,SPECIES,Plantae,Tracheophyta,Magnoliopsida,Caryophyllales,Aizoaceae,Sesuvium,Sesuvium portulacastrum,Sesuvium portulacastrum,(L.) L.,3084883,
Setaria parviflora,Setaria parviflora (Poir.) KerguÃ©len,5289679,EXACT,99,ACCEPTED,SPECIES,Plantae,Tracheophyta,Liliopsida,Poales,Poaceae,Setaria,Setaria parviflora,Setaria parviflora,(Poir.) KerguÃ©len,5289679,
Setophaga pitiayumi,"Setophaga pitiayumi (Vieillot, 1817)",7341895,EXACT,99,ACCEPTED,SPECIES,Animalia,Chordata,Aves,Passeriformes,Parulidae,Setophaga,Setophaga pitiayumi,Setophaga pitiayumi,"(Vieillot, 1817)",7341895,
Sicalis flaveola,"Sicalis flaveola (Linnaeus, 1766)",2491862,EXACT,99,ACCEPTED,SPECIES,Animalia,Chordata,Aves,Passeriformes,Thraupidae,Sicalis,Sicalis flaveola,Sicalis flaveola,"(Linnaeus, 1766)",2491862,
Sida acuta,Sida acuta Burm.fil.,3933670,EXACT,99,ACCEPTED,SPECIES,Plantae,Tracheophyta,Magnoliopsida,Malvales,Malvaceae,Sida,Sida acuta,Sida acuta,Burm.fil.,3933670,
Siproeta stelenes,"Siproeta stelenes Linnaeus, 1758",4299213,EXACT,99,ACCEPTED,SPECIES,Animalia,Arthropoda,Insecta,Lepidoptera,Nymphalidae,Siproeta,Siproeta stelenes,Siproeta stelenes,"Linnaeus, 1758",4299213,
Solanacea sp1,Solanaceae,7717,EDITED,79,ACCEPTED,FAMILY,Plantae,Tracheophyta,Magnoliopsida,Solanales,Solanaceae,,,Solanaceae,,7717,
Solanaceae,Solanaceae,7717,EXACT,96,ACCEPTED,FAMILY,Plantae,Tracheophyta,Magnoliopsida,Solanales,Solanaceae,,,Solanaceae,,7717,
Solanum,Solanum L.,2928997,EXACT,94,ACCEPTED,GENUS,Plantae,Tracheophyta,Magnoliopsida,Solanales,Solanaceae,Solanum,,Solanum,L.,2928997,
Solanum americanum,Solanum americanum Mill.,2930222,EXACT,99,ACCEPTED,SPECIES,Plantae,Tracheophyta,Magnoliopsida,Solanales,Solanaceae,Solanum,Solanum americanum,Solanum americanum,Mill.,2930222,
Solanum diphyllum,Solanum diphyllum L.,2931088,EXACT,97,ACCEPTED,SPECIES,Plantae,Tracheophyta,Magnoliopsida,Solanales,Solanaceae,Solanum,Solanum diphyllum,Solanum diphyllum,L.,2931088,
Solanum paniculatum,Solanum paniculatum L.,2932547,EXACT,99,ACCEPTED,SPECIES,Plantae,Tracheophyta,Magnoliopsida,Solanales,Solanaceae,Solanum,Solanum paniculatum,Solanum paniculatum,L.,2932547,
Solenopsis,Solenopsis C.Presl,9389639,EDITED,99,ACCEPTED,GENUS,Plantae,Tracheophyta,Magnoliopsida,Asterales,Campanulaceae,Solenopsis,,Solenopsis,,9389639,
Sonchus oleraceus,Sonchus oleraceus L.,8228544,EXACT,97,ACCEPTED,SPECIES,Plantae,Tracheophyta,Magnoliopsida,Asterales,Asteraceae,Sonchus,Sonchus oleraceus,Sonchus oleraceus,L.,8228544,
Spermacoce verticillata,Spermacoce verticillata L.,2918574,EXACT,98,ACCEPTED,SPECIES,Plantae,Tracheophyta,Magnoliopsida,Gentianales,Rubiaceae,Spermacoce,Spermacoce verticillata,Spermacoce verticillata,L.,2918574,
Stachys arvensis,Stachys arvensis (L.) L.,2927229,EXACT,98,ACCEPTED,SPECIES,Plantae,Tracheophyta,Magnoliopsida,Lamiales,Lamiaceae,Stachys,Stachys arvensis,Stachys arvensis,(L.) L.,2927229,
Stenammini,"Stenamma Westwood, 1839",9138092,EDITED,,ACCEPTED,GENUS,Animalia,Arthropoda,Insecta,Hymenoptera,Formicidae,Stenamma,,Stenamma,"Westwood, 1839",,
Stilpnia cayana,"Stilpnia cayana (Linnaeus, 1766)",10895981,EXACT,99,ACCEPTED,SPECIES,Animalia,Chordata,Aves,Passeriformes,Thraupidae,Stilpnia,Stilpnia cayana,Stilpnia cayana,"(Linnaeus, 1766)",10895981,
Struthanthus flexicaulis,Struthanthus flexicaulis Mart.,4003325,EXACT,99,ACCEPTED,SPECIES,Plantae,Tracheophyta,Magnoliopsida,Santalales,Loranthaceae,Struthanthus,Struthanthus flexicaulis,Struthanthus flexicaulis,Mart.,4003325,
Subulina octona,"Subulina octona (BruguiÃ¨re, 1789)",5190486,EXACT,99,ACCEPTED,SPECIES,Animalia,Mollusca,Gastropoda,Stylommatophora,Achatinidae,Subulina,Subulina octona,Subulina octona,"(BruguiÃ¨re, 1789)",5190486,
Synedrella nodiflora,Synedrella nodiflora (L.) Gaertn.,5404991,EXACT,99,ACCEPTED,SPECIES,Plantae,Tracheophyta,Magnoliopsida,Asterales,Asteraceae,Synedrella,Synedrella nodiflora,Synedrella nodiflora,(L.) Gaertn.,5404991,
Syngonium,Syngonium Schott,2867833,EXACT,94,ACCEPTED,GENUS,Plantae,Tracheophyta,Liliopsida,Alismatales,Araceae,Syngonium,,Syngonium,Schott,2867833,
Syngonium podophyllum,Syngonium podophyllum Schott,2867866,EXACT,99,ACCEPTED,SPECIES,Plantae,Tracheophyta,Liliopsida,Alismatales,Araceae,Syngonium,Syngonium podophyllum,Syngonium podophyllum,Schott,2867866,
Syzygium cumini,Syzygium cumini (L.) Skeels,3183840,EXACT,99,ACCEPTED,SPECIES,Plantae,Tracheophyta,Magnoliopsida,Myrtales,Myrtaceae,Syzygium,Syzygium cumini,Syzygium cumini,(L.) Skeels,3183840,
Tabernaemontana catharinensis,Tabernaemontana catharinensis A.DC.,3618496,EXACT,99,ACCEPTED,SPECIES,Plantae,Tracheophyta,Magnoliopsida,Gentianales,Apocynaceae,Tabernaemontana,Tabernaemontana catharinensis,Tabernaemontana catharinensis,A.DC.,3618496,
Talinum fruticosum,Talinum fruticosum (L.) Juss.,3084670,EXACT,97,ACCEPTED,SPECIES,Plantae,Tracheophyta,Magnoliopsida,Caryophyllales,Talinaceae,Talinum,Talinum fruticosum,Talinum fruticosum,(L.) Juss.,3084670,
Talinum paniculatum,Talinum paniculatum (Jacq.) Gaertn.,3084672,EXACT,97,ACCEPTED,SPECIES,Plantae,Tracheophyta,Magnoliopsida,Caryophyllales,Talinaceae,Talinum,Talinum paniculatum,Talinum paniculatum,(Jacq.) Gaertn.,3084672,
Tangara cayana,"Tangara cayana (Linnaeus, 1766)",2488246,EXACT,98,SYNONYM,SPECIES,Animalia,Chordata,Aves,Passeriformes,Thraupidae,Stilpnia,Stilpnia cayana,Tangara cayana,"(Linnaeus, 1766)",2488246,10895981
Tapera naevia,"Tapera naevia (Linnaeus, 1766)",5231932,EXACT,99,ACCEPTED,SPECIES,Animalia,Chordata,Aves,Cuculiformes,Cuculidae,Tapera,Tapera naevia,Tapera naevia,"(Linnaeus, 1766)",5231932,
Taraxacum officinale,Taraxacum officinale Weber ex F.H.Wigg.,5394163,EXACT,98,ACCEPTED,SPECIES,Plantae,Tracheophyta,Magnoliopsida,Asterales,Asteraceae,Taraxacum,Taraxacum officinale,Taraxacum officinale,Weber ex F.H.Wigg.,5394163,
Teminius,"Teminius Keyserling, 1887",2163955,EXACT,94,ACCEPTED,GENUS,Animalia,Arthropoda,Arachnida,Araneae,Miturgidae,Teminius,,Teminius,"Keyserling, 1887",2163955,
Termitoidae,Termitidae,4355,EDITED,72,ACCEPTED,FAMILY,Animalia,Arthropoda,Insecta,Blattodea,Termitidae,,,Termitidae,,4355,
Termitoidea,Termitidae,4355,EDITED,58,ACCEPTED,FAMILY,Animalia,Arthropoda,Insecta,Blattodea,Termitidae,,,Termitidae,,4355,
Tetraginisca angustula,"Tetragonisca angustula (Latreille, 1811)",1339480,FUZZY,85,ACCEPTED,SPECIES,Animalia,Arthropoda,Insecta,Hymenoptera,Apidae,Tetragonisca,Tetragonisca angustula,Tetragonisca angustula,"(Latreille, 1811)",1339480,
Tetragonisca angustula,"Tetragonisca angustula (Latreille, 1811)",1339480,EXACT,99,ACCEPTED,SPECIES,Animalia,Arthropoda,Insecta,Hymenoptera,Apidae,Tetragonisca,Tetragonisca angustula,Tetragonisca angustula,"(Latreille, 1811)",1339480,
Thomisidae,Thomisidae,6163,EXACT,94,ACCEPTED,FAMILY,Animalia,Arthropoda,Arachnida,Araneae,Thomisidae,,,Thomisidae,,6163,
Thraupini emberizini,Thraupidae,9352,EDITED,,ACCEPTED,FAMILY,Animalia,Chordata,Aves,Passeriformes,Thraupidae,,,Thraupidae,,,
Thraupis palmarum,"Thraupis palmarum (Wied-Neuwied, 1821)",9436876,EXACT,99,ACCEPTED,SPECIES,Animalia,Chordata,Aves,Passeriformes,Thraupidae,Thraupis,Thraupis palmarum,Thraupis palmarum,"(Wied-Neuwied, 1821)",9436876,
Thraupis sayaca,"Thraupis sayaca (Linnaeus, 1766)",2488622,EXACT,99,ACCEPTED,SPECIES,Animalia,Chordata,Aves,Passeriformes,Thraupidae,Thraupis,Thraupis sayaca,Thraupis sayaca,"(Linnaeus, 1766)",2488622,
Thunbergia alata,Thunbergia alata Bojer ex Sims,5415463,EXACT,97,ACCEPTED,SPECIES,Plantae,Tracheophyta,Magnoliopsida,Lamiales,Acanthaceae,Thunbergia,Thunbergia alata,Thunbergia alata,Bojer ex Sims,5415463,
Tillandsia stricta,Tillandsia stricta Sol. ex Ker Gawl.,2695068,EXACT,98,ACCEPTED,SPECIES,Plantae,Tracheophyta,Liliopsida,Poales,Bromeliaceae,Tillandsia,Tillandsia stricta,Tillandsia stricta,Sol. ex Ker Gawl.,2695068,
Todirostrum cinereum,"Todirostrum cinereum (Linnaeus, 1766)",2483274,EXACT,99,ACCEPTED,SPECIES,Animalia,Chordata,Aves,Passeriformes,Tyrannidae,Todirostrum,Todirostrum cinereum,Todirostrum cinereum,"(Linnaeus, 1766)",2483274,
Trametes sanguinea,Trametes sanguinea (Klotzsch) Pat.,9693835,EDITED,97,SYNONYM,SPECIES,Fungi,Basidiomycota,Agaricomycetes,Polyporales,Polyporaceae,Earliella,Earliella scabrosa,Trametes sanguinea,,9693835,2549396
Trema micrantha,Trema micranthum (L.) Blume,2984501,FUZZY,96,ACCEPTED,SPECIES,Plantae,Tracheophyta,Magnoliopsida,Rosales,Cannabaceae,Trema,Trema micranthum,Trema micranthum,(L.) Blume,2984501,
Trianthema portulacastrum,Trianthema portulacastrum L.,3084848,EXACT,99,ACCEPTED,SPECIES,Plantae,Tracheophyta,Magnoliopsida,Caryophyllales,Aizoaceae,Trianthema,Trianthema portulacastrum,Trianthema portulacastrum,L.,3084848,
Tridax procumbens,Tridax procumbens L.,3149462,EXACT,99,ACCEPTED,SPECIES,Plantae,Tracheophyta,Magnoliopsida,Asterales,Asteraceae,Tridax,Tridax procumbens,Tridax procumbens,L.,3149462,
Trigona snpinipes,"Trigona spinipes (Fabricius, 1793)",5040803,EDITED,15,ACCEPTED,SPECIES,Animalia,Arthropoda,Insecta,Hymenoptera,Apidae,Trigona,Trigona spinipes,Trigona spinipes,,5040803,
Trigona spinipes,"Trigona spinipes (Fabricius, 1793)",5040803,EXACT,99,ACCEPTED,SPECIES,Animalia,Arthropoda,Insecta,Hymenoptera,Apidae,Trigona,Trigona spinipes,Trigona spinipes,"(Fabricius, 1793)",5040803,
Triplaris americana,Triplaris americana L.,4038608,EDITED,97,ACCEPTED,SPECIES,Plantae,Tracheophyta,Magnoliopsida,Caryophyllales,Polygonaceae,Triplaris,Triplaris americana,Triplaris americana,,4038608,
Trochilidae,Trochilidae,5289,EXACT,94,ACCEPTED,FAMILY,Animalia,Chordata,Aves,Apodiformes,Trochilidae,,,Trochilidae,,5289,
Trochosa,"Trochosa Koch, 1847",2145780,EXACT,94,ACCEPTED,GENUS,Animalia,Arthropoda,Arachnida,Araneae,Lycosidae,Trochosa,,Trochosa,"Koch, 1847",2145780,
Troglodytes musculus,"Troglodytes musculus Vieillot, 1809",5231459,EXACT,99,ACCEPTED,SPECIES,Animalia,Chordata,Aves,Passeriformes,Troglodytidae,Troglodytes,Troglodytes musculus,Troglodytes musculus,"Vieillot, 1809",5231459,
Tropidurus torquato,"Tropidurus torquatus (Wied-Neuwied, 1820)",5224858,FUZZY,95,ACCEPTED,SPECIES,Animalia,Chordata,Squamata,,Tropiduridae,Tropidurus,Tropidurus torquatus,Tropidurus torquatus,"(Wied-Neuwied, 1820)",5224858,
Tropidurus torquatus,"Tropidurus torquatus (Wied-Neuwied, 1820)",5224858,EXACT,99,ACCEPTED,SPECIES,Animalia,Chordata,Squamata,,Tropiduridae,Tropidurus,Tropidurus torquatus,Tropidurus torquatus,"(Wied-Neuwied, 1820)",5224858,
Turdus leucomelas,"Turdus leucomelas Vieillot, 1818",2490726,EXACT,99,ACCEPTED,SPECIES,Animalia,Chordata,Aves,Passeriformes,Turdidae,Turdus,Turdus leucomelas,Turdus leucomelas,"Vieillot, 1818",2490726,
Turdus rufiventris,"Turdus rufiventris Vieillot, 1818",2490718,EXACT,99,ACCEPTED,SPECIES,Animalia,Chordata,Aves,Passeriformes,Turdidae,Turdus,Turdus rufiventris,Turdus rufiventris,"Vieillot, 1818",2490718,
Turnera subulata,Turnera subulata J.E.Sm.,4161154,EXACT,99,ACCEPTED,SPECIES,Plantae,Tracheophyta,Magnoliopsida,Malpighiales,Turneraceae,Turnera,Turnera subulata,Turnera subulata,J.E.Sm.,4161154,
Tyrannus melancholicus,"Tyrannus melancholicus Vieillot, 1819",5229662,EXACT,99,ACCEPTED,SPECIES,Animalia,Chordata,Aves,Passeriformes,Tyrannidae,Tyrannus,Tyrannus melancholicus,Tyrannus melancholicus,"Vieillot, 1819",5229662,
Tyrannus savana,"Tyrannus savana Vieillot, 1808",5229693,EXACT,98,ACCEPTED,SPECIES,Animalia,Chordata,Aves,Passeriformes,Tyrannidae,Tyrannus,Tyrannus savana,Tyrannus savana,"Vieillot, 1808",5229693,
Usnea,"Usnea Dill. ex Adans., 1763",2605982,EXACT,94,ACCEPTED,GENUS,Fungi,Ascomycota,Lecanoromycetes,Lecanorales,Parmeliaceae,Usnea,,Usnea,"Dill. ex Adans., 1763",2605982,
Vanellus chilensis,"Vanellus chilensis (Molina, 1782)",5229146,EXACT,99,ACCEPTED,SPECIES,Animalia,Chordata,Aves,Charadriiformes,Charadriidae,Vanellus,Vanellus chilensis,Vanellus chilensis,"(Molina, 1782)",5229146,
Varronia curassavica,Varronia curassavica Jacq.,4060951,EXACT,97,ACCEPTED,SPECIES,Plantae,Tracheophyta,Magnoliopsida,Boraginales,Cordiaceae,Varronia,Varronia curassavica,Varronia curassavica,Jacq.,4060951,
Vespidae,Vespidae,4490,EXACT,94,ACCEPTED,FAMILY,Animalia,Arthropoda,Insecta,Hymenoptera,Vespidae,,,Vespidae,,4490,
Volatinia jacarina,"Volatinia jacarina (Linnaeus, 1766)",2491741,EXACT,99,ACCEPTED,SPECIES,Animalia,Chordata,Aves,Passeriformes,Thraupidae,Volatinia,Volatinia jacarina,Volatinia jacarina,"(Linnaeus, 1766)",2491741,
Xyleus,"Xyleus Gistel, 1848",1714350,EXACT,94,ACCEPTED,GENUS,Animalia,Arthropoda,Insecta,Orthoptera,Romaleidae,Xyleus,,Xyleus,"Gistel, 1848",1714350,
Xylocopa frontalis,"Xylocopa frontalis (Olivier, 1789)",1342518,EXACT,99,ACCEPTED,SPECIES,Animalia,Arthropoda,Insecta,Hymenoptera,Apidae,Xylocopa,Xylocopa frontalis,Xylocopa frontalis,"(Olivier, 1789)",1342518,
Youngia japonica,Youngia japonica (L.) DC.,5387974,EXACT,99,ACCEPTED,SPECIES,Plantae,Tracheophyta,Magnoliopsida,Asterales,Asteraceae,Youngia,Youngia japonica,Youngia japonica,(L.) DC.,5387974,
Zenaida auriculata,"Zenaida auriculata (Des Murs, 1847)",2495358,EXACT,99,ACCEPTED,SPECIES,Animalia,Chordata,Aves,Columbiformes,Columbidae,Zenaida,Zenaida auriculata,Zenaida auriculata,"(Des Murs, 1847)",2495358,
Zephyranthes candida,Zephyranthes candida Herb.,2859976,EXACT,99,ACCEPTED,SPECIES,Plantae,Tracheophyta,Liliopsida,Asparagales,Amaryllidaceae,Zephyranthes,Zephyranthes candida,Zephyranthes candida,Herb.,2859976,
Zonotrichia capensis,"Zonotrichia capensis (P.L.S.MÃ¼ller, 1776)",5231103,EXACT,99,ACCEPTED,SPECIES,Animalia,Chordata,Aves,Passeriformes,Passerellidae,Zonotrichia,Zonotrichia capensis,Zonotrichia capensis,"(P.L.S.MÃ¼ller, 1776)",5231103,
Zornia,Zornia J.F.Gmel.,2959985,EDITED,92,ACCEPTED,GENUS,Plantae,Tracheophyta,Magnoliopsida,Fabales,Fabaceae,Zornia,,Zornia,,2959985,
Zornia latifolia,Zornia latifolia Sm.,5355241,EXACT,97,ACCEPTED,SPECIES,Plantae,Tracheophyta,Magnoliopsida,Fabales,Fabaceae,Zornia,Zornia latifolia,Zornia latifolia,Sm.,5355241,